category,winner,year
Best Picture,A Beautiful Mind,2002
Best Actor in a Leading Role,Denzel Washington,2002
Best Actress in a Leading Role,Halle Berry,2002
Best Actor in a Supporting Role,Jim Broadbent,2002
Best Actress in a Supporting Role,Jennifer Connelly,2002
Best Director,Ron Howard,2002
Best Writing,Gosford Park,2002
Screenplay Written Directly for the Screen,A Beautiful Mind,2002
Best Writing,No Mans Land,2002
Screenplay Based on Material Previously Produced or Published,The Lord of the Rings: The Fellowship of the Ring,2002
Best Foreign Language Film,Moulin Rouge!,2002
Best Cinematography,Moulin Rouge!,2002
Best Art Direction-Set Decoration,Black Hawk Down,2002
Best Costume Design,Pearl Harbor,2002
Best Sound,Black Hawk Down,2002
Best Sound Editing,The Lord of the Rings: The Fellowship of the Ring,2002
Best Film Editing,The Lord of the Rings: The Fellowship of the Ring,2002
Best Effects,Monsters,2002
Visual Effects,Inc.,2002
Best Makeup,The Lord of the Rings: The Fellowship of the Ring,2002
Best Music,For the Birds,2002
Original Song,The Accountant,2002
Best Music,Thoth,2002
Original Score,Murder on a Sunday Morning,2002
Best Short Film,Shrek,2002
Animated,Robert Redford,2002
Best Short Film,Ray Feeney,2002
Live Action,Rune Ericson,2002
Best Documentary,Franz Kraus,2002
Short Subjects,Bill Spitzak,2002
Best Documentary,Paul Van Camp,2002
Features,Jonathan Egstad,2002
Best Animated Feature,Price Pethel],2002
Best Motion Picture of the Year,Million Dollar Baby,2005
Best Performance by an Actor in a Leading Role,Jamie Foxx,2005
Best Performance by an Actress in a Leading Role,Hilary Swank,2005
Best Performance by an Actor in a Supporting Role,Morgan Freeman,2005
Best Performance by an Actress in a Supporting Role,Cate Blanchett,2005
Best Achievement in Directing,Clint Eastwood,2005
Best Writing,Eternal Sunshine of the Spotless Mind,2005
Original Screenplay,Sideways,2005
Best Writing,The Aviator,2005
Adapted Screenplay,The Aviator,2005
Best Achievement in Cinematography,The Aviator,2005
Best Achievement in Art Direction,The Aviator,2005
Best Achievement in Film Editing,The Motorcycle Diaries,2005
Best Achievement in Costume Design,Finding Neverland,2005
Best Achievement in Music Written for Motion Pictures,Ray,2005
Original Song,The Incredibles,2005
Best Achievement in Music Written for Motion Pictures,Spider-Man 2,2005
Original Score,Ryan,2005
Best Achievement in Sound Mixing,Wasp,2005
Best Achievement in Sound Editing,Mighty Times: The Childrens March,2005
Best Achievement in Visual Effects,Born Into Brothels: Calcuttas Red Light Kids,2005
Best Short Film,The Sea Inside,2005
Animated,The Incredibles,2005
Best Short Film,A Series of Unfortunate Events,2005
Live Action,Arthur Widmer,2005
Best Documentary,Horst Burbulla,2005
Short Subjects,Guy Griffiths,2005
Best Documentary,David Hodson,2005
Features,David Mann,2005
Best Foreign Language Film of the Year,Alan Kapler],2005
Best Motion Picture of the Year,The Departed,2007
Best Performance by an Actor in a Leading Role,Forest Whitaker,2007
Best Performance by an Actress in a Leading Role,Helen Mirren,2007
Best Performance by an Actor in a Supporting Role,Alan Arkin,2007
Best Performance by an Actress in a Supporting Role,Jennifer Hudson,2007
Best Achievement in Directing,Martin Scorsese,2007
Best Writing,Little Miss Sunshine,2007
Original Screenplay,The Departed,2007
Best Writing,Pans Labyrinth,2007
Adapted Screenplay,Pans Labyrinth,2007
Best Achievement in Cinematography,The Departed,2007
Best Achievement in Art Direction,Marie Antoinette,2007
Best Achievement in Film Editing,An Inconvenient Truth,2007
Best Achievement in Costume Design,Babel,2007
Best Achievement in Music Written for Motion Pictures,Dreamgirls,2007
Original Song,Letters from Iwo Jima,2007
Best Achievement in Music Written for Motion Pictures,Pirates of the Caribbean: Dead Mans Chest,2007
Original Score,The Danish Poet,2007
Best Achievement in Sound Mixing,West Bank Story,2007
Best Achievement in Sound Editing,The Blood of Yingzhou District,2007
Best Achievement in Visual Effects,An Inconvenient Truth,2007
Best Short Film,The Lives of Others,2007
Animated,Happy Feet,2007
Best Short Film,Pans Labyrinth,2007
Live Action,Ennio Morricone,2007
Best Documentary,Ioan Allen,2007
Short Subjects,Mary Ann Anderson,2007
Best Documentary,Ted Costas,2007
Features,Paul R. Goldberg,2007
Best Foreign Language Film of the Year,Tom Kuhn,2007
Best Animated Feature Film of the Year,Bill Collis,2007
Best Achievement in Makeup,Ben Kent,2007
Best Actor in a Leading Role,Russell Crowe,2001
Best Actor in a Supporting Role,Benicio Del Toro,2001
Best Actress in a Leading Role,Julia Roberts,2001
Best Actress in a Supporting Role,Marcia Gay Harden,2001
Best Art Direction-Set Decoration,Crouching Tiger,2001
Best Cinematography,Hidden Dragon,2001
Best Costume Design,Crouching Tiger,2001
Best Director,Hidden Dragon,2001
Best Documentary,Gladiator,2001
Features,Steven Soderbergh,2001
Best Documentary,Into the Arms of Strangers: Stories of the Kindertransport,2001
Short Subjects,Big Mama,2001
Best Effects,Gladiator,2001
Visual Effects,Traffic,2001
Best Film Editing,Crouching Tiger,2001
Best Foreign Language Film,Hidden Dragon,2001
Best Makeup,How the Grinch Stole Christmas,2001
Best Music,Crouching Tiger,2001
Original Score,Hidden Dragon,2001
Best Music,Wonder Boys,2001
Original Song,Gladiator,2001
Best Picture,Father and Daughter,2001
Best Short Film,Quiero ser (I want to be...),2001
Animated,Gladiator,2001
Best Short Film,U-571,2001
Live Action,Traffic,2001
Best Sound,Almost Famous,2001
Best Sound Editing,Ernest Lehman,2001
Best Writing,Paul Kenworthy,2001
Screenplay Based on Material Previously Produced or Published,Ioan Allen,2001
Best Writing,Mark Harrah,2001
Screenplay Written Directly for the Screen,Rob Cook,2001
Best Picture,Chicago,2003
Best Actor in a Leading Role,Adrien Brody,2003
Best Actress in a Leading Role,Nicole Kidman,2003
Best Actor in a Supporting Role,Chris Cooper,2003
Best Actress in a Supporting Role,Catherine Zeta-Jones,2003
Best Director,Roman Polanski,2003
Best Writing,Talk to Her,2003
Original Screenplay,The Pianist,2003
Best Writing,Nowhere in Africa,2003
Adapted Screenplay,Road to Perdition,2003
Best Foreign Language Film,Chicago,2003
Best Cinematography,Chicago,2003
Best Art Direction-Set Decoration,Chicago,2003
Best Costume Design,The Lord of the Rings: The Two Towers,2003
Best Sound,Chicago,2003
Best Sound Editing,Frida,2003
Best Film Editing,8 Mile,2003
Best Makeup,Frida,2003
Best Music,The Chubbchubbs!,2003
Original Song,This Charming Man,2003
Best Music,Twin Towers,2003
Original Score,Bowling for Columbine,2003
Best Short Film,Spirited Away,2003
Animated,The Lord of the Rings: The Two Towers,2003
Best Short Film,Peter OToole,2003
Live Action,Curt Behlmer,2003
Best Documentary,For their continuing development and innovation in the design and manufacturing of advanced camera systems specifically designed for the motion picture entertainment industry.,2003
Short Subjects,Dedo Weigert,2003
Best Documentary,Dick Walsh],2003
Best Picture,The Lord of the Rings: The Return of the King,2004
Best Actor in a Leading Role,Sean Penn,2004
Best Actress in a Leading Role,Charlize Theron,2004
Best Actor in a Supporting Role,Tim Robbins,2004
Best Actress in a Supporting Role,Renée Zellweger,2004
Best Writing,Lost in Translation,2004
Original Screenplay,The Lord of the Rings: The Return of the King,2004
Best Writing,The Barbarian Invasions,2004
Adapted Screenplay,Master and Commander: The Far Side of the World,2004
Best Foreign Language Film,The Lord of the Rings: The Return of the King,2004
Best Cinematography,Master and Commander: The Far Side of the World,2004
Best Costume Design,The Lord of the Rings: The Return of the King,2004
Best Sound Editing,The Lord of the Rings: The Return of the King,2004
Best Sound Mixing,The Lord of the Rings: The Return of the King,2004
Best Film Editing,The Lord of the Rings: The Return of the King,2004
Best Makeup,The Lord of the Rings: The Return of the King,2004
Best Music,Harvie Krumpet,2004
Original Song,Two Soldiers,2004
Best Music,Chernobyl Heart,2004
Original Score,The Fog of War,2004
Best Short Film,Finding Nemo,2004
Animated,The Lord of the Rings: The Return of the King,2004
Best Short Film,The Lord of the Rings: The Return of the King,2004
Live Action,Peter Jackson,2004
Best Documentary,Blake Edwards,2004
Short Subjects,Bill Tondreau (Kuper Controls),2004
Best Documentary,Andrew Cannon,2004
Features,Christophe Hery,2004
Best Animated Feature,Ken McGaugh,2004
Best Visual Effects,Joe Letteri],2004
Best Actor in a Leading Role,Kevin Spacey,2000
Best Actor in a Supporting Role,Michael Caine,2000
Best Actress in a Leading Role,Hilary Swank,2000
Best Actress in a Supporting Role,Angelina Jolie,2000
Best Art Direction-Set Decoration,Sleepy Hollow,2000
Best Cinematography,American Beauty,2000
Best Costume Design,Topsy-Turvy,2000
Best Director,Sam Mendes,2000
Best Documentary,One Day in September,2000
Features,King Gimp,2000
Best Documentary,The Matrix,2000
Short Subjects,The Matrix,2000
Best Effects,The Matrix,2000
Sound Effects Editing,All About My Mother,2000
Best Effects,Topsy-Turvy,2000
Visual Effects,The Red Violin,2000
Best Film Editing,Tarzan,2000
Best Foreign Language Film,American Beauty,2000
Best Makeup,Le vieil homme et la mer,2000
Best Music,My Mother Dreams the Satans Disciples in New York,2000
Original Score,The Matrix,2000
Best Music,The Cider House Rules,2000
Original Song,American Beauty,2000
Best Picture,Andrzej Wajda,2000
Best Short Film,Huw Gwyllyn,2000
Animated,Chris Woolf],2000
Best Motion Picture of the Year,Crash,2006
Best Performance by an Actor in a Leading Role,Philip Seymour Hoffman,2006
Best Performance by an Actress in a Leading Role,Reese Witherspoon,2006
Best Performance by an Actor in a Supporting Role,George Clooney,2006
Best Performance by an Actress in a Supporting Role,Rachel Weisz,2006
Best Achievement in Directing,Ang Lee,2006
Best Writing,Crash,2006
Original Screenplay,Brokeback Mountain,2006
Best Writing,Memoirs of a Geisha,2006
Adapted Screenplay,Memoirs of a Geisha,2006
Best Achievement in Cinematography,Crash,2006
Best Achievement in Art Direction,Memoirs of a Geisha,2006
Best Achievement in Film Editing,Hustle & Flow,2006
Best Achievement in Costume Design,Brokeback Mountain,2006
Best Achievement in Music Written for Motion Pictures,King Kong,2006
Original Song,King Kong,2006
Best Achievement in Music Written for Motion Pictures,King Kong,2006
Original Score,The Moon and the Son: An Imagined Conversation,2006
Best Achievement in Sound Mixing,Six Shooter,2006
Best Achievement in Sound Editing,A Note of Triumph: The Golden Age of Norman Corwin,2006
Best Achievement in Visual Effects,March of the Penguins,2006
Best Short Film,Tsotsi,2006
Animated,Wallace & Gromit: The Curse of the Were-Rabbit,2006
Best Short Film,The Chronicles of Narnia: The Lion,2006
Live Action,the Witch and the Wardrobe,2006
Best Documentary,Robert Altman,2006
Short Subjects,Anatoliy Kokush,2006
Best Documentary,Alvah J. Miller],2006
Best Motion Picture of the Year,Slumdog Millionaire,2009
Best Performance by an Actor in a Leading Role,Sean Penn,2009
Best Performance by an Actress in a Leading Role,Kate Winslet,2009
Best Performance by an Actor in a Supporting Role,Heath Ledger,2009
Best Performance by an Actress in a Supporting Role,Penélope Cruz,2009
Best Achievement in Directing,Danny Boyle,2009
Best Writing,Milk,2009
Original Screenplay,Slumdog Millionaire,2009
Best Writing,Slumdog Millionaire,2009
Adapted Screenplay,The Curious Case of Benjamin Button,2009
Best Achievement in Cinematography,Slumdog Millionaire,2009
Best Achievement in Art Direction,The Duchess,2009
Best Achievement in Film Editing,Slumdog Millionaire,2009
Best Achievement in Costume Design,Slumdog Millionaire,2009
Best Achievement in Music Written for Motion Pictures,Slumdog Millionaire,2009
Original Song,The Dark Knight,2009
Best Achievement in Music Written for Motion Pictures,The Curious Case of Benjamin Button,2009
Original Score,The House of Small Cubes,2009
Best Achievement in Sound Mixing,Toyland,2009
Best Achievement in Sound Editing,Smile Pinki,2009
Best Achievement in Visual Effects,Man on Wire,2009
Best Short Film,Departures,2009
Animated,WALL·E,2009
Best Short Film,The Curious Case of Benjamin Button,2009
Live Action,For the optical design (Coumert/Debize) and for the mechanical design (Chervin/Reboulet) of the compact and lightweight Angenieux 15-40 and 28-76 zoom lenses for handheld motion picture photography.],2009
Best Motion Picture of the Year,No Country for Old Men,2008
Best Performance by an Actor in a Leading Role,Daniel Day-Lewis,2008
Best Performance by an Actress in a Leading Role,Marion Cotillard,2008
Best Performance by an Actor in a Supporting Role,Javier Bardem,2008
Best Performance by an Actress in a Supporting Role,Tilda Swinton,2008
Best Achievement in Directing,Ethan Coen,2008
Best Writing,Joel Coen,2008
Original Screenplay,Juno,2008
Best Writing,No Country for Old Men,2008
Adapted Screenplay,There Will Be Blood,2008
Best Achievement in Cinematography,Sweeney Todd: The Demon Barber of Fleet Street,2008
Best Achievement in Art Direction,The Bourne Ultimatum,2008
Best Achievement in Film Editing,Elizabeth: The Golden Age,2008
Best Achievement in Costume Design,Once,2008
Best Achievement in Music Written for Motion Pictures,Atonement,2008
Original Song,The Bourne Ultimatum,2008
Best Achievement in Music Written for Motion Pictures,The Bourne Ultimatum,2008
Original Score,The Golden Compass,2008
Best Achievement in Sound Mixing,Peter and The Wolf,2008
Best Achievement in Sound Editing,The Mozart of Pickpockets,2008
Best Achievement in Visual Effects,Freeheld,2008
Best Short Film,Taxi to the Dark Side,2008
Animated,The Counterfeiters,2008
Best Short Film,Ratatouille,2008
Live Action,La Vie En Rose,2008
Best Documentary,Robert F. Boyle,2008
Short Subjects,Jonathan Erland,2008
Best Documentary,Doug Roble,2008
Features,Nafees Bin Zafar,2008
Best Foreign Language Film of the Year,Ryo Sakaguchi,2008
Best Animated Feature Film of the Year,Christien Tinsley],2008
Best Motion Picture of the Year,The Hurt Locker,2010
Best Performance by an Actor in a Leading Role,Jeff Bridges,2010
Best Performance by an Actress in a Leading Role,Sandra Bullock,2010
Best Performance by an Actor in a Supporting Role,Christoph Waltz,2010
Best Performance by an Actress in a Supporting Role,MoNique,2010
Best Achievement in Directing,Kathryn Bigelow,2010
Best Writing,The Hurt Locker,2010
Original Screenplay,Precious,2010
Best Writing,Avatar,2010
Adapted Screenplay,Avatar,2010
Best Achievement in Cinematography,The Hurt Locker,2010
Best Achievement in Art Direction,The Young Victoria,2010
Best Achievement in Film Editing,Crazy Heart,2010
Best Achievement in Costume Design,Up,2010
Best Achievement in Music Written for Motion Pictures,The Hurt Locker,2010
Original Song,The Hurt Locker,2010
Best Achievement in Music Written for Motion Pictures,Avatar,2010
Original Score,Logorama©,2010
Best Achievement in Sound Mixing,The New Tenants,2010
Best Achievement in Sound Editing,Music by Prudence,2010
Best Achievement in Visual Effects,The Cove,2010
Best Short Film,The Secret in Their Eyes,2010
Animated,Up,2010
Best Short Film,Star Trek,2010
Live Action,Gordon Willis,2010
Best Documentary,Alex MacDonald,2010
Short Subjects,Jim Rodnunsky,2010
Best Documentary,Mark Chapman,2010
Features,Hayden Landis,2010
Best Foreign Language Film of the Year,Ken McGaugh,2010
Best Animated Feature Film of the Year,Hilmar Koch],2010
Best Motion Picture of the Year,The Artist,2012
Best Performance by an Actor in a Leading Role,Jean Dujardin,2012
Best Performance by an Actress in a Leading Role,Meryl Streep,2012
Best Performance by an Actor in a Supporting Role,Christopher Plummer,2012
Best Performance by an Actress in a Supporting Role,Octavia Spencer,2012
Best Achievement in Directing,Michel Hazanavicius,2012
Best Writing,Midnight in Paris,2012
Original Screenplay,The Descendants,2012
Best Writing,Hugo,2012
Adapted Screenplay,Hugo,2012
Best Achievement in Cinematography,The Girl with the Dragon Tattoo,2012
Best Achievement in Art Direction,The Artist,2012
Best Achievement in Film Editing,The Muppets,2012
Best Achievement in Costume Design,The Artist,2012
Best Achievement in Music Written for Motion Pictures,Hugo,2012
Original Song,Hugo,2012
Best Achievement in Music Written for Motion Pictures,Hugo,2012
Original Score,The Fantastic Flying Books of Mr. Morris Lessmore,2012
Best Achievement in Sound Mixing,The Shore,2012
Best Achievement in Sound Editing,Saving Face,2012
Best Achievement in Visual Effects,Undefeated,2012
Best Short Film,A Separation,2012
Animated,Rango,2012
Best Short Film,The Iron Lady,2012
Live Action,Dick Smith,2012
Best Documentary,Franz Kraus,2012
Short Subjects,E.F. Bob Nettman],2012
Best Motion Picture of the Year,Argo,2013
Best Performance by an Actor in a Leading Role,Daniel Day-Lewis,2013
Best Performance by an Actress in a Leading Role,Jennifer Lawrence,2013
Best Performance by an Actor in a Supporting Role,Christoph Waltz,2013
Best Performance by an Actress in a Supporting Role,Anne Hathaway,2013
Best Achievement in Directing,Ang Lee,2013
Best Writing,Django Unchained,2013
Original Screenplay,Argo,2013
Best Writing,Life of Pi,2013
Adapted Screenplay,Argo,2013
Best Achievement in Cinematography,Lincoln,2013
Best Achievement in Film Editing,Anna Karenina,2013
Best Achievement in Production Design,Les Misérables,2013
Best Achievement in Costume Design,Skyfall,2013
Best Achievement in Makeup and Hairstyling,Life of Pi,2013
Best Achievement in Music Written for Motion Pictures,Les Misérables,2013
Original Song,Skyfall,2013
Best Achievement in Music Written for Motion Pictures,Life of Pi,2013
Original Score,Paperman,2013
Best Achievement in Sound Mixing,Curfew,2013
Best Achievement in Sound Editing,Inocente,2013
Best Achievement in Visual Effects,Searching for Sugar Man,2013
Best Short Film,Amour,2013
Animated,Brave,2013
Best Short Film,D.A. Pennebaker,2013
Live Action,Cooke Optics,2013
Best Documentary,Ross Shain,2013
Short Subjects,Lawrence Kesteloot,2013
Best Documentary,Drew Olbrich,2013
Features,Daniel Wexler],2013
Best Motion Picture of the Year,12 Years a Slave,2014
Best Performance by an Actor in a Leading Role,Matthew McConaughey,2014
Best Performance by an Actress in a Leading Role,Cate Blanchett,2014
Best Performance by an Actor in a Supporting Role,Jared Leto,2014
Best Performance by an Actress in a Supporting Role,Lupita Nyongo,2014
Best Achievement in Directing,Alfonso Cuarón,2014
Best Writing,Her,2014
Original Screenplay,12 Years a Slave,2014
Best Writing,Gravity,2014
Adapted Screenplay,Gravity,2014
Best Achievement in Cinematography,The Great Gatsby,2014
Best Achievement in Film Editing,The Great Gatsby,2014
Best Achievement in Production Design,Dallas Buyers Club,2014
Best Achievement in Costume Design,Frozen,2014
Best Achievement in Makeup and Hairstyling,Gravity,2014
Best Achievement in Music Written for Motion Pictures,Gravity,2014
Original Song,Gravity,2014
Best Achievement in Music Written for Motion Pictures,Gravity,2014
Original Score,Mr Hublot,2014
Best Achievement in Sound Mixing,Helium,2014
Best Achievement in Sound Editing,The Lady in Number 6: Music Saved My Life,2014
Best Achievement in Visual Effects,20 Feet from Stardom,2014
Best Short Film,The Great Beauty,2014
Animated,Frozen,2014
Best Short Film,Angela Lansbury,2014
Live Action,Andre Gauthier,2014
Best Documentary,Benoit Sevigny,2014
Short Subjects,Yves Boudreault,2014
Best Documentary,Robert Lanciault,2014
Features,Andrew Camenisch,2014
Best Foreign Language Film of the Year,Dave Cardwell,2014
Best Animated Feature Film of the Year,Tibor Madjar,2014
Best Motion Picture of the Year,The Kings Speech,2011
Best Performance by an Actor in a Leading Role,Colin Firth,2011
Best Performance by an Actress in a Leading Role,Natalie Portman,2011
Best Performance by an Actor in a Supporting Role,Christian Bale,2011
Best Performance by an Actress in a Supporting Role,Melissa Leo,2011
Best Achievement in Directing,Tom Hooper,2011
Best Writing,The Kings Speech,2011
Original Screenplay,The Social Network,2011
Best Writing,Inception,2011
Adapted Screenplay,Alice in Wonderland,2011
Best Achievement in Cinematography,The Social Network,2011
Best Achievement in Art Direction,Alice in Wonderland,2011
Best Achievement in Film Editing,Toy Story 3,2011
Best Achievement in Costume Design,The Social Network,2011
Best Achievement in Music Written for Motion Pictures,Inception,2011
Original Song,Inception,2011
Best Achievement in Music Written for Motion Pictures,Inception,2011
Original Score,The Lost Thing,2011
Best Achievement in Sound Mixing,God of Love,2011
Best Achievement in Sound Editing,Strangers No More,2011
Best Achievement in Visual Effects,Inside Job,2011
Best Short Film,In a Better World,2011
Animated,Toy Story 3,2011
Best Short Film,The Wolfman,2011
Live Action,Eli Wallach,2011
Best Documentary,Jim Rodnunsky,2011
Short Subjects,Alex MacDonald,2011
Best Documentary,Mark Chapman,2011
Features,Chris Allen,2011
Best Foreign Language Film of the Year,Gauth Krishnamurti,2011
Best Animated Feature Film of the Year,Mark A. Brown,2011
Best Achievement in Makeup,Lance Kimes],2011
Best Motion Picture of the Year,Birdman or (The Unexpected Virtue of Ignorance),2015
Best Performance by an Actor in a Leading Role,Eddie Redmayne,2015
Best Performance by an Actress in a Leading Role,Julianne Moore,2015
Best Performance by an Actor in a Supporting Role,J.K. Simmons,2015
Best Performance by an Actress in a Supporting Role,Patricia Arquette,2015
Best Achievement in Directing,Alejandro G. Iñárritu,2015
Best Writing,Birdman or (The Unexpected Virtue of Ignorance),2015
Original Screenplay,The Imitation Game,2015
Best Writing,Birdman or (The Unexpected Virtue of Ignorance),2015
Adapted Screenplay,Whiplash,2015
Best Achievement in Cinematography,The Grand Budapest Hotel,2015
Best Achievement in Film Editing,The Grand Budapest Hotel,2015
Best Achievement in Production Design,The Grand Budapest Hotel,2015
Best Achievement in Costume Design,Selma,2015
Best Achievement in Makeup and Hairstyling,The Grand Budapest Hotel,2015
Best Achievement in Music Written for Motion Pictures,Whiplash,2015
Original Song,American Sniper,2015
Best Achievement in Music Written for Motion Pictures,Interstellar,2015
Original Score,Feast,2015
Best Achievement in Sound Mixing,The Phone Call,2015
Best Achievement in Sound Editing,Crisis Hotline: Veterans Press 1,2015
Best Achievement in Visual Effects,Citizenfour,2015
Best Short Film,Ida,2015
Animated,Big Hero 6,2015
Best Short Film,Hayao Miyazaki,2015
Live Action,Steven Tiffen,2015
Best Documentary,Jeff Cohen,2015
Short Subject,Michael Fecik,2015
Best Documentary,Larry Hornbeck,2015
Feature,Brad Walker,2015
Best Foreign Language Film of the Year,D. Scott Dewald,2015
Best Animated Feature Film of the Year,Bill Werner,2015
Best Motion Picture of the Year,Moonlight,2017
Best Performance by an Actor in a Leading Role,Casey Affleck,2017
Best Performance by an Actress in a Leading Role,Emma Stone,2017
Best Performance by an Actor in a Supporting Role,Mahershala Ali,2017
Best Performance by an Actress in a Supporting Role,Viola Davis,2017
Best Achievement in Directing,Damien Chazelle,2017
Best Original Screenplay,Manchester by the Sea,2017
Best Adapted Screenplay,Moonlight,2017
Best Achievement in Cinematography,La La Land,2017
Best Achievement in Film Editing,Hacksaw Ridge,2017
Best Achievement in Production Design,La La Land,2017
Best Achievement in Costume Design,Fantastic Beasts and Where to Find Them,2017
Best Achievement in Makeup and Hairstyling,Suicide Squad,2017
Best Achievement in Music Written for Motion Pictures (Original Score),La La Land,2017
Best Achievement in Music Written for Motion Pictures (Original Song),La La Land,2017
Best Achievement in Sound Mixing,Hacksaw Ridge,2017
Best Achievement in Sound Editing,Arrival,2017
Best Achievement in Visual Effects,The Jungle Book,2017
Best Documentary Feature,O.J.: Made in America,2017
Best Documentary Short Subject,The White Helmets,2017
Best Animated Short Film,Piper,2017
Best Live Action Short Film,Sing,2017
Best Foreign Language Film of the Year,The Salesman,2017
Best Animated Feature Film of the Year,Zootopia,2017
Best Motion Picture of the Year,Spotlight,2016
Best Performance by an Actor in a Leading Role,Leonardo DiCaprio,2016
Best Performance by an Actress in a Leading Role,Brie Larson,2016
Best Performance by an Actor in a Supporting Role,Mark Rylance,2016
Best Performance by an Actress in a Supporting Role,Alicia Vikander,2016
Best Achievement in Directing,Alejandro G. Iñárritu,2016
Best Writing,Spotlight,2016
Original Screenplay,The Big Short,2016
Best Writing,The Revenant,2016
Adapted Screenplay,Mad Max: Fury Road,2016
Best Achievement in Cinematography,Mad Max: Fury Road,2016
Best Achievement in Film Editing,Mad Max: Fury Road,2016
Best Achievement in Production Design,Mad Max: Fury Road,2016
Best Achievement in Costume Design,Spectre,2016
Best Achievement in Makeup and Hairstyling,The Hateful Eight,2016
Best Achievement in Music Written for Motion Pictures,Mad Max: Fury Road,2016
Original Song,Mad Max: Fury Road,2016
Best Achievement in Music Written for Motion Pictures,Ex Machina,2016
Original Score,Bear Story,2016
Best Achievement in Sound Mixing,Stutterer,2016
Best Achievement in Sound Editing,A Girl in the River: The Price of Forgiveness,2016
Best Achievement in Visual Effects,Amy,2016
Best Short Film,Son of Saul,2016
Animated,Inside Out,2016
Best Short Film,Gena Rowlands,2016
Live Action,Brian McLean,2016
Best Documentary,Martin Meunier,2016
Short Subject,Rahul Thakkar,2016
Best Documentary,Andrew Pilgrim,2016
Feature,Stewart Birnam,2016
Best Foreign Language Film of the Year,Richard Chuang],2016
Best Motion Picture of the Year,Parasite,2020
Best Performance by an Actor in a Leading Role,Joaquin Phoenix,2020
Best Performance by an Actress in a Leading Role,Renée Zellweger,2020
Best Performance by an Actor in a Supporting Role,Brad Pitt,2020
Best Performance by an Actress in a Supporting Role,Laura Dern,2020
Best Achievement in Directing,Bong Joon Ho,2020
Best Original Screenplay,Parasite,2020
Best Adapted Screenplay,Jojo Rabbit,2020
Best Achievement in Cinematography,1917,2020
Best Achievement in Film Editing,Andrew Buckland,2020
Best Achievement in Production Design,Michael McCusker,2020
Best Achievement in Costume Design,Once Upon a Time... in Hollywood,2020
Best Achievement in Makeup and Hairstyling,Little Women,2020
Best Achievement in Music Written for Motion Pictures (Original Score),Bombshell,2020
Best Achievement in Music Written for Motion Pictures (Original Song),Joker,2020
Best Achievement in Sound Mixing,Rocketman,2020
Best Achievement in Sound Editing,1917,2020
Best Achievement in Visual Effects,Ford v Ferrari,2020
Best Documentary Feature,1917,2020
Best Documentary Short Subject,American Factory,2020
Best Animated Feature Film,Learning to Skateboard in a Warzone (If Youre a Girl),2020
Best Animated Short Film,Toy Story 4,2020
Best Live Action Short Film,Hair Love,2020
Best International Feature Film,The Neighbors Window,2020
Best Motion Picture of the Year,The Shape of Water,2018
Best Performance by an Actor in a Leading Role,Gary Oldman,2018
Best Performance by an Actress in a Leading Role,Frances McDormand,2018
Best Performance by an Actor in a Supporting Role,Sam Rockwell,2018
Best Performance by an Actress in a Supporting Role,Allison Janney,2018
Best Achievement in Directing,Guillermo del Toro,2018
Best Original Screenplay,Get Out,2018
Best Adapted Screenplay,Call Me by Your Name,2018
Best Achievement in Cinematography,Blade Runner 2049,2018
Best Achievement in Film Editing,Dunkirk,2018
Best Achievement in Production Design,The Shape of Water,2018
Best Achievement in Costume Design,Phantom Thread,2018
Best Achievement in Makeup and Hairstyling,Darkest Hour,2018
Best Achievement in Music Written for Motion Pictures (Original Score),The Shape of Water,2018
Best Achievement in Music Written for Motion Pictures (Original Song),Coco,2018
Best Achievement in Sound Mixing,Dunkirk,2018
Best Achievement in Sound Editing,Dunkirk,2018
Best Achievement in Visual Effects,Blade Runner 2049,2018
Best Documentary Feature,Icarus,2018
Best Documentary Short Subject,Heaven Is a Traffic Jam on the 405,2018
Best Animated Feature Film,Coco,2018
Best Animated Short Film,Dear Basketball,2018
Best Live Action Short Film,The Silent Child,2018
Best Foreign Language Film of the Year,A Fantastic Woman,2018
Best Motion Picture of the Year,Nomadland,2021
Best Performance by an Actor in a Leading Role,Anthony Hopkins,2021
Best Performance by an Actress in a Leading Role,Frances McDormand,2021
Best Performance by an Actor in a Supporting Role,Daniel Kaluuya,2021
Best Performance by an Actress in a Supporting Role,Youn Yuh-jung,2021
Best Achievement in Directing,Chloé Zhao,2021
Best Original Screenplay,Promising Young Woman,2021
Best Adapted Screenplay,The Father,2021
Best Achievement in Cinematography,Mank,2021
Best Achievement in Film Editing,Sound of Metal,2021
Best Achievement in Production Design,Mank,2021
Best Achievement in Costume Design,Ma Raineys Black Bottom,2021
Best Sound,Sound of Metal,2021
Best Achievement in Makeup and Hairstyling,Ma Raineys Black Bottom,2021
Best Achievement in Music Written for Motion Pictures (Original Score),Soul,2021
Best Achievement in Music Written for Motion Pictures (Original Song),Judas and the Black Messiah,2021
Best Achievement in Visual Effects,Tenet,2021
Best Documentary Feature,My Octopus Teacher,2021
Best Documentary Short Subject,Colette,2021
Best Animated Feature Film,Soul,2021
Best Animated Short Film,If Anything Happens I Love You,2021
Best Live Action Short Film,Two Distant Strangers,2021
Best International Feature Film,Another Round,2021
Best Motion Picture of the Year,CODA,2022
Best Performance by an Actor in a Leading Role,Will Smith,2022
Best Performance by an Actress in a Leading Role,Jessica Chastain,2022
Best Performance by an Actor in a Supporting Role,Troy Kotsur,2022
Best Performance by an Actress in a Supporting Role,Ariana DeBose,2022
Best Achievement in Directing,Jane Campion,2022
Best Original Screenplay,Belfast,2022
Best Adapted Screenplay,CODA,2022
Best Achievement in Cinematography,Dune,2022
Best Achievement in Film Editing,Dune,2022
Best Achievement in Production Design,Dune,2022
Best Achievement in Costume Design,Cruella,2022
Best Sound,Dune,2022
Best Achievement in Makeup and Hairstyling,The Eyes of Tammy Faye,2022
Best Achievement in Music Written for Motion Pictures (Original Score),Dune,2022
Best Achievement in Music Written for Motion Pictures (Original Song),No Time to Die,2022
Best Achievement in Visual Effects,Dune,2022
Best Documentary Feature,Summer of Soul (...Or,2022
Best Documentary Short Subject,When the Revolution Could Not Be Televised),2022
Best Animated Feature Film,The Queen of Basketball,2022
Best Animated Short Film,Encanto,2022
Best Live Action Short Film,The Windshield Wiper,2022
Best International Feature Film,The Long Goodbye,2022
Best Motion Picture of the Year,Green Book,2019
Best Performance by an Actor in a Leading Role,Rami Malek,2019
Best Performance by an Actress in a Leading Role,Olivia Colman,2019
Best Performance by an Actor in a Supporting Role,Mahershala Ali,2019
Best Performance by an Actress in a Supporting Role,Regina King,2019
Best Achievement in Directing,Alfonso Cuarón,2019
Best Original Screenplay,Green Book,2019
Best Adapted Screenplay,BlacKkKlansman,2019
Best Achievement in Cinematography,Roma,2019
Best Achievement in Film Editing,Bohemian Rhapsody,2019
Best Achievement in Production Design,Black Panther,2019
Best Achievement in Costume Design,Black Panther,2019
Best Achievement in Makeup and Hairstyling,Vice,2019
Best Achievement in Music Written for Motion Pictures (Original Score),Black Panther,2019
Best Achievement in Music Written for Motion Pictures (Original Song),A Star Is Born,2019
Best Achievement in Sound Mixing,Bohemian Rhapsody,2019
Best Achievement in Sound Editing,Bohemian Rhapsody,2019
Best Achievement in Visual Effects,First Man,2019
Best Documentary Feature,Free Solo,2019
Best Documentary Short Subject,Period. End of Sentence.,2019
Best Animated Feature Film,Spider-Man: Into the Spider-Verse,2019
Best Animated Short Film,Bao,2019
Best Live Action Short Film,Skin,2019
Best Foreign Language Film of the Year,Roma,2019
Best Motion Picture of the Year,Everything Everywhere All at Once,2023
Best Performance by an Actor in a Leading Role,Brendan Fraser,2023
Best Performance by an Actress in a Leading Role,Michelle Yeoh,2023
Best Performance by an Actor in a Supporting Role,Ke Huy Quan,2023
Best Performance by an Actress in a Supporting Role,Jamie Lee Curtis,2023
Best Achievement in Directing,Daniel Kwan,2023
Best Original Screenplay,Daniel Scheinert,2023
Best Adapted Screenplay,Everything Everywhere All at Once,2023
Best Achievement in Cinematography,Women Talking,2023
Best Achievement in Film Editing,All Quiet on the Western Front,2023
Best Achievement in Production Design,Everything Everywhere All at Once,2023
Best Achievement in Costume Design,All Quiet on the Western Front,2023
Best Sound,Black Panther: Wakanda Forever,2023
Best Achievement in Makeup and Hairstyling,Top Gun: Maverick,2023
Best Achievement in Music Written for Motion Pictures (Original Score),The Whale,2023
Best Achievement in Music Written for Motion Pictures (Original Song),All Quiet on the Western Front,2023
Best Achievement in Visual Effects,RRR,2023
Best Documentary Feature,Avatar: The Way of Water,2023
Best Animated Feature Film,Navalny,2023
Best Animated Short Film,Guillermo del Toros Pinocchio,2023
Best Live Action Short Film,The Boy,2023
Best Documentary Short Film,the Mole,2023
Best International Feature Film,the Fox and the Horse,2023
Best Motion Picture of the Year,Oppenheimer,2024
Best Performance by an Actor in a Leading Role,Cillian Murphy,2024
Best Performance by an Actress in a Leading Role,Emma Stone,2024
Best Performance by an Actor in a Supporting Role,Robert Downey Jr.,2024
Best Performance by an Actress in a Supporting Role,DaVine Joy Randolph,2024
Best Achievement in Directing,Christopher Nolan,2024
Best Original Screenplay,Anatomy of a Fall,2024
Best Adapted Screenplay,American Fiction,2024
Best Achievement in Cinematography,Oppenheimer,2024
Best Achievement in Film Editing,Oppenheimer,2024
Best Achievement in Production Design,Poor Things,2024
Best Achievement in Costume Design,Poor Things,2024
Best Sound,The Zone of Interest,2024
Best Achievement in Makeup and Hairstyling,Poor Things,2024
Best Achievement in Music Written for Motion Pictures (Original Score),Oppenheimer,2024
Best Achievement in Music Written for Motion Pictures (Original Song),Barbie,2024
Best Achievement in Visual Effects,Godzilla Minus One,2024
Best Documentary Feature,20 Days in Mariupol,2024
Best Animated Feature Film,The Boy and the Heron,2024
Best Animated Short Film,War Is Over!,2024
Best Live Action Short Film,The Wonderful Story of Henry Sugar,2024
Best Documentary Short Film,The Last Repair Shop,2024
Best International Feature Film,The Zone of Interest,2024
