movie_boxoffice,movie_budget,movie_cast,movie_categories,movie_countries,movie_director,movie_id,movie_imdb_metascore,movie_imdb_nb_of_ratings,movie_imdb_popularity,movie_imdb_rating,movie_length,movie_original_title,movie_production_companies,movie_synopsis,movie_title,movie_url,movie_us_boxoffice,release_date
216521032,85000000,"Jack Black, Awkwafina, Viola Davis, Dustin Hoffman, Bryan Cranston, James Hong, Ian McShane, Ke Huy Quan, Ronny Chieng, Lori Tan Chinn, Seth Rogen, Mr. Beast, James Murray, James Sie, Cedric Yarbrough, Vic Chao, Audrey Brooke, Lincoln Nakamura","Animation, Action, Aventure","États-Unis, Chine","Mike Mitchell, Stephanie Stine",tt21692408,56,12000,8,6.5,94,,"China Film Group Corporation (CFGC), DreamWorks Animation, DreamWorks","Suivez Po dans ses aventures dans la Chine ancienne, où son amour du kung-fu n'a d'égal que son appétit insatiable.",Kung Fu Panda 4,https://www.imdb.com/title/tt21692408/?ref_=rlm,130937355,27-03-2024
,,"Hugo Becker, Ahmed Sylla, Hakim Jemili, Etienne Guillou-Kervern, Ibrahima Ba",Comédie,France,Ludovic Bernard,tt27722530,,,,,, Ici Et Là Bas,Prelude,"Un problème de visa oblige Adrien à revenir à Paris après 15 ans passés au Sénégal avec sa femme Aminata. Son cousin Sékou, éloigné de ses origines sénégalaises, l'héberge.",Ici Et Là-Bas,https://www.imdb.com/title/tt27722530/?ref_=rlm,,17-04-2024
245319,,"María Vázquez, Santi Prego, Tatán, Susana Sampedro, Soraya Luaces, Silvia Romaus, Xosé Manuel Esperante, Josito Porto, Lidia Veiga, Isabel Naveira, Ángel Abal, Sergio Baleirón, Ana Domínguez, Pablo Aguilar, Quinita Domínguez, Antonio Rey, Carmen Barroso, Manola Iglesias",Drame,Espagne,Álvaro Gago,tt13866630,,539,,6.6,99,,"Avalon, Axencia Galega das Industrias Culturais (AGADIC), Corporación Radio e Televisión de Galicia (CRTVG)","A woman in a Galician fishing village is struggling to get by with hard work and rough charm. With her 18-year-old daughter now ready to stand on her own two feet, Ramona begins to question her life up to this point.",Matria,https://www.imdb.com/title/tt13866630/?ref_=rlm,,17-04-2024
,,"Lio Tipton, Charles Halford, Weston Razooli, Lorelei Olivia Mote, Austin Archer, Abigail Sakari, Phoebe Ferro, Charlie Stover, Danielle Hoetmer, Rachel Browne, Skyler Peters, Andrea Browne, Lonzo Liggins, Chuck Marra, Colleen Baum, Sohrab Mirmont, Kent Richards","Action, Aventure, Comédie",États-Unis,Weston Razooli,tt7575046,53,284,3482,7.1,113,,"ANAXIA, FullDawa Films",Three mischievous children embark on a woodland odyssey when their mother sends them on an errand.,Riddle Of Fire,https://www.imdb.com/title/tt7575046/?ref_=rlm,,17-04-2024
,2180000,"John Magaro, Steve Zahn, Dylan Baker, Galadriel Stineman, Matthew Del Negro, Brad Leland, Bob Clendenin, Megan Stevenson, Emily Pendergast, Alex Knight, Rio Alexander, Brooks Hall, Darcy Shean, Vic Browder, Mimi Fletcher, Ian A. Hudson, Marion Birdsall, Brannon Cross","Comédie, Policier, Thriller","États-Unis, France",Shane Atkinson,tt20102596,,127,,7.1,112,,"Adastra Films, FLOTE Entertainment, Adastra Films","When Ray discovers that his wife is cheating on him, he decides he's going to kill himself. His plans suddenly change when a stranger mistakes him for a low-rent hitman.","Laroy, Texas",https://www.imdb.com/title/tt20102596/?ref_=rlm,,17-04-2024
1941012,,"BIBI, Park Bo-kyung, Xa-Bin Hong, Jeong Jae-kwang, Kim Jong-soo, Song Joong-ki","Policier, Drame",Corée du Sud,Kim Chang-hoon,tt27502351,,392,,6.1,133, Hwaran,"Megabox Plus M, Sanai Pictures",Dangerous people who make risky choices to escape from their hellish realities.,Hopeless,https://www.imdb.com/title/tt27502351/?ref_=rlm,,17-04-2024
,,"Lubna Azabal, Fabrizio Rongione, Catherine Salée, Johan Heldenbergh, Babetida Sadjo, Malek Akhmisse, Kenza Benbouchta, Ethelle Gonzalez Lardued, Mehdy Khachachi, Evelyn Ariza, Olivier Bisback, Martine Lemal, Elodie Barthels",Drame,Belgique,Jawad Rhalib,tt21916652,,85,,8.0,107,,"Scope Pictures, Serendipity films","Amal, a teacher in a Brussels school, encourages her pupils to cultivate a love of reading and freedom of expression, even if it means putting herself in danger. Her daring teaching practices will change her pupils' and family circle lives.",Amal,https://www.imdb.com/title/tt21916652/?ref_=rlm,,17-04-2024
43946087,,"Takuya Eguchi, Atsumi Tanezaki, Saori Hayami, ""Kenichirô Matsuda"", Hiroyuki Yoshino, Yûko Kaida, Kazuhiro Yamaji, Kenshô Ono, Natsumi Fujiwara, Emiri Kato, Ayane Sakura, Noucky Andriansyah, Anthony Bowling, Dani Chambers, Banjô Ginga, Caitlin Glass, Kento Kaku, Tomoya Nakamura","Animation, Action, Comédie",Japon,Kazuhiro Furuhashi,tt26684398,,649,,7.5,110, Gekijô-Ban Supai Famirî Kôdo: Howaito,"Wit Studio, CloverWorks, TOHO animation","After receiving an order to be replaced in Operation Strix, Loid decides to help Anya win a cooking competition at Eden Academy, by making the director's favorite meal in order to prevent his replacement.",Spy X Family Code: White,https://www.imdb.com/title/tt26684398/?ref_=rlm,,17-04-2024
1743976,,"Ezequiel Rodríguez, Demián Salomón, Silvina Sabater, Luis Ziembrowski, Marcelo Michinaux, Emilio Vodanovich, Virginia Garófalo, Paula Rubinsztein, Lucrecia Nirón Talazac, Isabel Quinteros, Desirée Salgueiro, Federico Liss, Ricardo Velázquez, Jorge Prado, Diego Sampayo, Pedro Larrabide, Cleo Díaz, Agostina Aguilera",Horreur,"Argentine, États-Unis",Demián Rugna,tt16300962,75,29000,378,7.0,99, Cuando Acecha La Maldad,"Machaco Films, Aramos Cine, Shudder","Dans un village isolé, deux frères trouvent un homme infecté par un démon sur le point de ""donner naissance"" au mal lui-même. Ils décident de se débarrasser du corps, mais finissent par répandre involontairement le chaos.",When Evil Lurks,https://www.imdb.com/title/tt16300962/?ref_=rlm,546626,17-04-2024
,50000000,"Nick Offerman, Kirsten Dunst, Wagner Moura, Jefferson White, Nelson Lee, Evan Lai, Cailee Spaeny, Stephen McKinley Henderson, Vince Pisani, Justin James Boykin, Jess Matney, Greg Hill, Edmund Donovan, Tim James, Simeon Freeman, James Yaegashi, Dean Grimes, Alexa Mansour",Action,"États-Unis, Royaume-Uni",Alex Garland,tt17279496,77,315,54,7.4,109,,"A24, DNA Films, IPR.VC","Dans un futur proche, une équipe de journalistes parcourt les États-Unis au cours d'une guerre civile qui s'intensifie rapidement et qui a englouti le pays tout entier.",Civil War,https://www.imdb.com/title/tt17279496/?ref_=rlm,,17-04-2024
,,"Dev Patel, Sharlto Copley, Pitobash, Sobhita Dhulipala, Adithi Kalkunte, Sikandar Kher, Brahim Chab, Vipin Sharma, Jino A. Samuel, Joseph J.U. Taylor, Nagesh Bhonsle, Alona Vykydanets, Reva Marchellin, Anup J. Patel, Andres Levi, Dayangku Zyana, Jeremy Tauziac, Fahad Scale","Action, Thriller","États-Unis, Canada, Singapour, Inde",Dev Patel,tt9214772,70,460,46,7.6,121,,"Universal Pictures, BRON Studios, Creative Wealth Media Finance",Un jeune homme anonyme lance une campagne de vengeance contre les dirigeants corrompus qui ont assassiné sa mère et qui continuent à victimiser systématiquement les pauvres et les impuissants.,Monkey Man,https://www.imdb.com/title/tt9214772/?ref_=rlm,,17-04-2024
,,"Simon Astier, Lily Aubry, Sébastien Chassagne, Charlotte Gainsbourg, José Garcia, Hadrien Heaulme, Jiselle Henderkott, Kevin Ke, Baptiste Lecaplain, Adrien Ménielle, Jérôme Niel, Luis Rego, Lyès Salem",Comédie,France,Florent Bernard,tt28480619,,17,,8.0,102,,"Apollo Films, Nolita Cinema, TF1 Films Production",Un homme emmène sa femme et leurs enfants adolescents dans un voyage de souvenirs alors qu'il est sur le point de divorcer.,"Nous, Les Leroy",https://www.imdb.com/title/tt28480619/?ref_=rlm,,10-04-2024
,,"Rachel Zegler, Gal Gadot, Andrew Burnap, Ansu Kabia, Colin Michael Carmichael, Luisa Guerreiro, Eddison Burch, Dean Nolan, Leon Ung, Dujonna Gift, Kathryn Akin, Jon-Scott Clark, Kat Collings, Gabriela Garcia, Joshmaine Joseph, Stanley Duventru-Huret, Alison Eager, Jackson Osegbo-King","Aventure, Drame, Famille","États-Unis, Italie, Royaume-Uni",Marc Webb,tt6208148,,,1448,,, Snow White,"Marc Platt Productions, The Walt Disney Company, Walt Disney Pictures","Adaptation en prise de vue réelle du film d'animation Disney de 1937 ""Blanche-Neige et les sept nains"".",Blanche-Neige,https://www.imdb.com/title/tt6208148/?ref_=rlm,,20-03-2025
,,"Ian Boechat, Kaique Brito, Erom Cordeiro, Lucas da Silva, Maya de Vicq, Alaylson Emanuel, Ivana Iza, Maeve Jinkings, Eduarda Samara, Elany Santos",Drame,"Brésil, France, Italie","Nara Normande, Tião",tt26245778,,104,,7.3,91, Sem Coração,"Les Valseurs, Nefertiti Film, CinemaScópio","Summer 1996, Brazil. Tamara is enjoying her last weeks at the village she lives in before departing to Brasilia. One day, she hears about a teenager nicknamed Heartless. During the summer, Tamara feels a growing attraction for this girl.",Sans Coeur,https://www.imdb.com/title/tt26245778/?ref_=rlm,,10-04-2024
,,"Xavier-Adrien Laurent, Marc Dujarric, Michèle Brousse, Xavier Mussel, Yves Capus, Anne-Capucine Blot, Léo Aguiton, Philippe Saïd, Jean-Claude Bohbote, Jean-Yves Duparc, Damien Le Moing, Antonin Dobrowolska, Lucas Villepelet, Jean-Marie Bourcier, Raul Fokoua, Rémi Guelfi, Belen Lorenzo, Laurent Levy",Comédie,Suisse,Xavier Mussel,tt26605836,,,,,72,,Parallaxe films,"Le tournage rocambolesque d'une équipe de cinéma, embarquée dans une maison de campagne par un cinéaste idéaliste, qui projette de faire un film sans scénario, au gré du hasard.",Le Naméssime,https://www.imdb.com/title/tt26605836/?ref_=rlm,,10-04-2024
,1417000,"Majd Mastoura, Walid Bouchhioua, Samer Bisharat, Selma Zghidi, Helmi Dridi, Wissem Belgharak, Ayoub Hedhili, Mondher Chouchen, Amel Karray, Ammar Chikha, Rania Agrebi, Mahmoud Said, Walid Bel Haj Ammar, Jasser Oueslati, Yosra Rebai, Mouna Bel Haj Zekri, Ala Hamed, Bilel Ben Ghorbel",Drame,"Tunisie, Belgique, France, Italie, Arabie saoudite, Qatar",Mohamed Ben Attia,tt26771225,,79,,6.4,98, Oura El Jbel,"Nomadis Images, Les Films du Fleuve, Tanit","A man who violently breaks free from his banal environment, evading society with its principles, codes and institutions.",Par-Delà Les Montagnes,https://www.imdb.com/title/tt26771225/?ref_=rlm,,10-04-2024
,,"Ben Schwartz, ""Colleen OShaughnessey"", Idris Elba, Cristo Fernández, Tika Sumpter, Tom Butler, James Marsden, Alyla Browne, Jim Carrey, Lee Majdoub, Krysten Ritter, Sofia Pernas, James Wolk, Jorma Taccone, Tony McCarthy, Alfredo Tavares, Andy M Milligan, Nathan Hall","Action, Aventure, Comédie","États-Unis, Japon",Jeff Fowler,tt18259086,,,1065,,, Sonic The Hedgehog 3,"Paramount Pictures, Sega Sammy Group, Original Film","Sonic, Tails et Knuckles affronteront le Dr. Eggman avant qu'il ne conquière le monde. Eggman aura un nouvel allié (Project Shadow).","Sonic 3, Le Film",https://www.imdb.com/title/tt18259086/?ref_=rlm,,18-12-2024
64120,,"Karin Anglin, Clé Bennett, John Eric Bentley, Diontae Black, Róbert Bolla, Péter Bozsó, Lorne Cardinal, Csaba Debreczeny, Álmos Elõd, András Faragó, Bill Farmer, Áron Gauder, Armand Kautzky, Luca Kis-Kovács, R. Martin Klein, Danny Kramer, Priscilla Landham, David Mattle","Animation, Action, Aventure",Hongrie,Áron Gauder,tt11736638,,400,,7.4,103, Kojot Négy Lelke,Cinemon Entertainment,"Native American protesters confront an oil pipeline project, down the hill from their ancestral land. The grandfather evokes the tale of Creation, reminding all of us that we need to find our place in the great circle of creatures.",Les 4 Âmes Du Coyote,https://www.imdb.com/title/tt11736638/?ref_=rlm,,10-04-2024
,,"Jackie Chan, Joshua Jackson, Ming-Na Wen, Ralph Macchio, Sadie Stanley, Ben Wang","Action, Drame, Famille",États-Unis,Jonathan Entwistle,tt1674782,,,1749,,, Untitled Karate Kid Movie,"Columbia Pictures, Jerry Weintraub Productions, Sony Pictures Releasing",Plot under wraps.,Karate Kid,https://www.imdb.com/title/tt1674782/?ref_=rlm,,18-12-2024
,150000000,"Mark Ruffalo, Robert Pattinson, Toni Collette, Steven Yeun, Naomi Ackie, Thomas Turgoose, Steve Park, Daniel Henshall, Patsy Ferran, Chelsea Li, Spike White, Stuart Whelan, Sam Woodhams, Liam Edwards, Michael Monroe, Jamila Wingett, Tom Cawte, Valerie Hazan","Aventure, Drame, Science-fiction","États-Unis, Royaume-Uni",Bong Joon Ho,tt12299608,,,2020,,139,,"Kate Street Picture Company, Offscreen, Plan B Entertainment","Pour éviter que Mickey8, son clone de remplacement, ne prenne sa place, Mickey7, un robot appelé ""sacrifiable"", est envoyé sur une planète froide pour la coloniser.",Mickey 17,https://www.imdb.com/title/tt12299608/?ref_=rlm,,29-01-2025
,,"Pedro Pascal, Denzel Washington, Paul Mescal, Joseph Quinn, Connie Nielsen, Matt Lucas, Tim McInnerny, Derek Jacobi, Fred Hechinger, May Calamawy, Peter Mensah, Lior Raz, Chidi Ajufo, Riana Duce, Alfie Tempest, Lee Charles, Chi Lewis-Parry, Mikhail Basmadjian","Action, Aventure, Drame","Royaume-Uni, États-Unis",Ridley Scott,tt9218128,,,194,,,,"Paramount Pictures, Scott Free Productions, Parkes/MacDonald Image Nation",La suite du film Gladiator de Ridley Scott.,Gladiator 2,https://www.imdb.com/title/tt9218128/?ref_=rlm,,20-11-2024
,,"""Aulii Cravalho"", Dwayne Johnson, Alan Tudyk","Animation, Aventure, Comédie","États-Unis, Canada",David G. Derrick Jr.,tt13622970,,,763,,,,"Disney Television Animation, The Walt Disney Company, Walt Disney Animation Canada",Moana et ses amis continuent d'explorer le Pacifique Sud dans cette série animée musicale.,Moana 2,https://www.imdb.com/title/tt13622970/?ref_=rlm,,10-12-2024
,,"Sara Giraudeau, Samir Guesmi, Aloïse Sauvage, Philippe Rebbot, Eva Yelmani, Amine Lajiri, Jean-Philippe Buzaud, Justine Viotty",,,,tt27811106,,,,,,,Pyramide Productions,A young circus artist who discovers the world of professional clowns following an injury.,Sur Un Fil,https://www.imdb.com/title/tt27811106/?ref_=rlm,,06-11-2024
,,"""Ardal OHanlon"", Charlotte Friels, Ed Byrne, Rupert Degas, Erin Choy, Sarah Aubrey, Semisi Cheekam, Neil Delamere","Animation, Aventure","Allemagne, Irlande, Australie",Mark Gravas,tt28485522,,,,,86, My Freaky Family,"Pop Family Entertainment, Telegael","On the cusp of her 13th birthday, Betty Flood - budding musician and magical being - just wants to be like the rest of her fabulous, but very different family, so why is her magical Mum so against it? As Betty wrestles with this, she also learns the amazing truth about her family...",Ma Famille D'Enfer,https://www.imdb.com/title/tt28485522/?ref_=rlm,,30-10-2024
106,,"Trien de Haan-Zwagerman, Lola Sylman, Nadine Hwang, Sylvie Bianchi, Christian, Nelly Mousset Vos, Joan Schenkar, Natalie Clifford Barney, Jack, Raymond, Anne Bianchi, José Rafael Lovera, Maria Alexandra Lovera, Choumi, Maria Kurowska, Elsie Ragusin, ""Mary OShaughnessy"", Irene Krausz-Fainman","Documentaire, Historique, Guerre","Suède, Belgique, Norvège",Magnus Gertten,tt17074508,72,407,,7.2,92,,"Auto Images AB, Malmö, Associate Directors, UpNorth Film","Une histoire d'amour entre deux femmes qui tombent amoureuses la veille de Noël 1944, dans le camp de concentration de Ravensbrück. Pendant de nombreuses années, leur relation est restée secrète.",Nelly & Nadine,https://www.imdb.com/title/tt17074508/?ref_=rlm,,20-11-2024
,5000,"Joshua Carter, Jace Carter, Jordyn Barnett, Christian Hernandez","Action, Aventure, Drame",États-Unis,Joshua Carter,tt30609082,,,,,,,Filmbilow Pictures,"After The Crypto meets his long lost brother, Jameson finds out his brother is trying to use ultimate power to do something evil. Jameson will go on a huge adventure to find out how to stop his brother. He will have help by a few heroes.",The Crypto: Beyond,https://www.imdb.com/title/tt30609082/?ref_=rlm,,18-10-2024
,28340000,"Tahar Rahim, Victor Meutelet, Soufiane Guerrab, Rupert Wynne-James, Bastien Bouillon, Sharon Mann, Petra Silander, Tiffany Hofstetter, Marie-Julie Baup, Camille Moutawakil, Anaïs Spinelli-Herry, Etienne Guillou-Kervern, Jérémie Petrus, Ivan Rangelov, Elisabeth Duda, Laura Lieblein Adam, Annie Mercier, Cyrus Khodaveisi","Biographique, Drame, Musical",France,,tt26743414,,,,,,,"Beside Productions, Kallouche Cinéma, Mandarin Films","Ce film retrace les débuts de Charles Aznavour, chanteur, auteur-compositeur et acteur franco-arménien emblématique, de zéro à la célébrité.",Monsieur Aznavour,https://www.imdb.com/title/tt26743414/?ref_=rlm,,23-10-2024
,38967500,"Adèle Exarchopoulos, François Civil, Raphaël Quenard, Alain Chabat, Élodie Bouchez, Benoît Poelvoorde, Vincent Lacoste, Jean-Pascal Zadi, Anthony Bajon, Nicolas Wanczycki, Mallory Wanecque, Manon Jacquart, Emmanuel Dehaene, Elias Hilali, Okito Wembonyama, Bastien Trouvé, Malik Frikah, Jack Claudany","Comédie, Drame, Comédie Musicale",France,Gilles Lellouche,tt27490099,,,,,,,"Chi-Fou-Mi Productions, StudioCanal, Trésor Films","L'histoire d'une relation improbable entre deux personnes. Une fille issue d'une famille de la classe moyenne supérieure et un garçon issu d'un milieu modeste tombent amoureux, mais s'éloignent l'un de l'autre.",L'Amour Ouf,https://www.imdb.com/title/tt27490099/?ref_=rlm,,16-10-2024
,,"Hicham Belaoudi, Lina El Arabi, Ouidad Elma, Wilfrid Grenier, Sairi Salma","Drame, Horreur",France,Abel Danan,tt30106363,,24,,7.9,,,"Joli Rouge, Kador, Place du Marché Productions","Yara, une jeune marocaine de 25 ans venue étudier à Paris, agoraphobe elle ne sort pas, Un soir, une mystérieuse apparition vient perturber son quotidien, et l'oblige à revivre ses pires craintes, la poussant au bord de la folie.",La Damnée,https://www.imdb.com/title/tt30106363/?ref_=rlm,,09-10-2024
,,"""Lupita Nyongo"", Pedro Pascal, ""Catherine OHara"", Bill Nighy, Stephanie Hsu, Kit Connor, Alexandra Novelle, Matt Berry, Ving Rhames, Mark Hamill","Animation, Aventure, Drame","États-Unis, Canada",Chris Sanders,tt29623480,,,332,,,,"DreamWorks Animation, Universal Pictures","Après un naufrage, un robot intelligent appelé Roz échoue sur une île inhabitée. Pour survivre dans cet environnement hostile, Roz se lie avec les animaux de l'île et s'occupe d'un bébé oie orphelin.",The Wild Robot,https://www.imdb.com/title/tt29623480/?ref_=rlm,,09-10-2024
,200000000,"Joaquin Phoenix, Ken Leung, Zazie Beetz, Catherine Keener, Lady Gaga, Brendan Gleeson, Steve Coogan, Jacob Lofland, Gattlin Griffith, Bill Smitrovich, Harry Lawtey, Tim Dillon, George Carroll, Mike Houston, Leigh Gill, Sharon Washington, Troy Fromin, Troy Metcalf","Policier, Drame, Comédie Musicale",États-Unis,Todd Phillips,tt11315808,,,149,,,,"BRON Studios, Bron Creative, DC Entertainment","Suite du film ""Joker"" de 2019.",Joker: Folie À Deux,https://www.imdb.com/title/tt11315808/?ref_=rlm,,02-10-2024
,,"Camille Cottin, Benoît Magimel, Félix Lefebvre, Bamar Kane, Swala Emati, Bass Dhem, ""Ibrahima MBaye"", Anna Thiandoum",Drame,France,Simon Moutaïrou,tt27737203,,,,,,,"Chi-Fou-Mi Productions, France 2 Cinéma, Les Autres Films","Île Maurice, 1759. Massamba et Mati sont esclaves dans une plantation. Une nuit, Mati s'enfuit. Madame La Victoire, chasseuse d'esclaves, est engagée pour la traquer. Massamba n'a d'autre choix que de s'évader à son tour.",Ni Chaînes Ni Maîtres,https://www.imdb.com/title/tt27737203/?ref_=rlm,,25-09-2024
,,"Sidse Babett Knudsen, Daniel Auteuil, Alice Belaïdi, Suliane Brahim, Grégory Gadebois, Isabelle Candelier, Florence Janas, Jean-Noël Brouté, Aurore Auteuil, Laurent Bozzi, Gaëtan Roussel, Nathalie Dodivers",Drame,France,,tt29102598,,,,,,,"France 2 Cinéma, Zack Films, Zazi Films","A man is accused of murdering his wife. His lawyer must defend him against all odds, and especially against himself.",Le Fil,https://www.imdb.com/title/tt29102598/?ref_=rlm,,25-09-2024
,,"Ilai Swindells, Samara Weaving, Akmal Saleh",Animation,Australie,Alexs Stadermann,tt27722575,,,,,85, 200% Wolf,Flying Bark Productions,A heroic poodle who is struggling to maintain the respect of his werewolf pack. When a wayward wish transforms him into a werewolf and despots a mischievous fairy on earth,200 % Loup,https://www.imdb.com/title/tt27722575/?ref_=rlm,,25-09-2024
,,"Gildas Adannou, Habib Ahandessi, Joséa Guedje",Documentaire,"France, Sénégal, Bénin",Mati Diop,tt31015216,85,74,,6.2,68,,"Arte France Cinéma, Fanta Sy, Les Films du Bal","Le parcours de 26 trésors royaux pillés du royaume du Dahomey exposés à Paris, en cours de restitution au Bénin. Diop exprime artistiquement les revendications d'une nouvelle génération.",Dahomey,https://www.imdb.com/title/tt31015216/?ref_=rlm,,25-09-2024
,,"Isabela Merced, Cailee Spaeny, Archie Renaux, David Jonsson, Spike Fearn, Aileen Wu","Horreur, Science-fiction","Royaume-Uni, États-Unis",Fede Alvarez,tt18412256,,,550,,,,"20th Century Studios, Hulu, Scott Free Productions",Des jeunes d'un monde lointain doivent affronter la forme de vie la plus terrifiante de l'univers.,Alien: Romulus,https://www.imdb.com/title/tt18412256/?ref_=rlm,,14-08-2024
,,"Bianca Delbravo, Dilvin Asaad, Safira Mossberg, Ida Engvoll, Mitja Siren, Marta Oldenburg, Alexander Öhrstrand",Drame,"Suède, Italie, Danemark, Finlande",Mika Gustafson,tt21874690,,295,,6.9,108, Paradiset Brinner,"Hobab, IntraMovies, Toobox","Three sisters aged 7 to 16, live alone after their mother vanishes for whole swathes of time. When the social services demand a family meeting, oldest sister Laura plans to find a stand in for their mother.",Paradise Is Burning,https://www.imdb.com/title/tt21874690/?ref_=rlm,,28-08-2024
,,"Josh Brolin, Ryan Reynolds, Morena Baccarin, Jennifer Garner, Hugh Jackman, Emma Corrin, Brianna Hildebrand, Matthew Macfadyen, Leslie Uggams, Patrick Stewart, Shioli Kutsuna, Rob Delaney, Aaron Stanford, Karan Soni, Lewis Tan, Stefan Kapicic, Tony McCarthy, Terence Hughes","Action, Comédie, Science-fiction","États-Unis, Chine",Shawn Levy,tt6263850,,,95,,,,"Marvel Studios, 20th Century Studios, 21 Laps Entertainment","Le film est prétendu impliquer un autre group dans la mythe des X-Men, au nom de X-Force.",Deadpool & Wolverine,https://www.imdb.com/title/tt6263850/?ref_=rlm,,24-07-2024
,,"Ariana Greenblatt, Jack Black, Cate Blanchett, Jamie Lee Curtis, Gina Gershon, Haley Bennett, Kevin Hart, Bobby Lee, Janina Gavankar, Paula Andrea Placido, Edgar Ramírez, Olivier Richters, Cheyenne Jackson, Florian Munteanu, Benjamin Byron Davis, Steven Boyer, Ryann Redmond, Jeremy Wheeler","Action, Aventure, Comédie",États-Unis,Eli Roth,tt4978420,,,167,,102,,"Lionsgate Films, Media Capital Technologies, Arad Productions",Un long métrage basé sur le jeu vidéo populaire qui se déroule sur la planète fictive abandonnée de Pandora où les gens recherchent une relique mystérieuse.,Borderlands,https://www.imdb.com/title/tt4978420/?ref_=rlm,,07-08-2024
163019,,"Harrison Evans, Sylvester Groth, Shirley Henderson, Alice Henley, Jonathan Livingstone, Emily McCormick, Kwaku Mills, Anne Reid, Amber Rose Revah, David Schaal, Rufus Sewell, Alan Tudyk, Indira Varma, Olivia Williams",Comédie,Royaume-Uni,Matt Winn,tt15507128,,126,,6.2,89,,"Bright Pictures, Relevate Ventures, Yes Repeat No","Sarah and Tom are in deep financial trouble. Their situation takes a terrifying nosedive with the shocking behavior of uninvited dinner guest, Jessica.",The Trouble With Jessica,https://www.imdb.com/title/tt15507128/?ref_=rlm,,17-07-2024
,,"Chris Pratt, Samuel L. Jackson, Hannah Waddingham, Ving Rhames, Nicholas Hoult, Cecily Strong, Harvey Guillén, Brett Goldstein, Bowen Yang, Snoop Dogg, Luke Cinque-White","Animation, Aventure, Comédie","Royaume-Uni, États-Unis",Mark Dindal,tt5779228,,,466,,, The Garfield Movie,"Alcon Entertainment, Columbia Pictures, Double Negative (DNEG)",Garfield s'apprête à vivre une aventure sauvage en plein air. Après des retrouvailles inattendues avec son père disparu depuis longtemps - le chat Vic - Garfield et Odie sont contraints d'abandonner leur vie choyée pour rejoindre Vic.,Garfield : Héros Malgré Lui,https://www.imdb.com/title/tt5779228/?ref_=rlm,,17-07-2024
,,"Leonardo Sbaraglia, Lali Espósito, Julieta Zylberberg, Andrea Frigerio, Luis Ziembrowski, Marcelo Subiotto, Cristina Banegas, Alejandra Flechner, Camila Peralta, Héctor Bidonde, Teresa Calandra, Mara Bestelli, Claudia Cantero, Zulema Galperín, Juan Luppi, Aldo Onofri, Liliana Juárez, Gaspar Offenhenden","Comédie, Drame","Argentine, Italie, Allemagne, France, Brésil","María Alché, Benjamín Naishtat",tt13866866,,500,,6.9,109, Puan,"Atelier de Production, Bubbles Project, Infinity Hill","At the University of Buenos Aires, a rivalry arises between two Philosophy teachers for a professorship position.",El Profesor,https://www.imdb.com/title/tt13866866/?ref_=rlm,,03-07-2024
,,"Steve Carell, Kristen Wiig, Joey King, Will Ferrell, Sofía Vergara, Miranda Cosgrove, Dana Gaier, Madison Skyy Polan, Pierre Coffin, Steve Coogan, Stephen Colbert, Chloe Fineman","Animation, Aventure, Comédie",États-Unis,"Chris Renaud, Patrick Delage",tt7510222,,,524,,, Despicable Me 4,"Universal Pictures, Illumination Entertainment","Gru, Lucy, Margo, Edith et Agnès accueillent un nouveau membre de la famille, Gru Jr, qui est déterminé à tourmenter son père. Gru a un nouvel ennemi, Maxime Le Mal, et sa petite amie Valentina, et la famille est obligée de fuir.","Moi, Moche Et Méchant 4",https://www.imdb.com/title/tt7510222/?ref_=rlm,,03-07-2024
,,"Rikiya Koyama, Minami Takayama, Wakana Yamazaki","Animation, Mystère, Romantique",Japon,Chika Nagaoka,tt31474158,,,,,90, Meitantei Konan Hyakuman Doru No Michishirube,TMS Entertainment,,Détective Conan: L'Étoile À 1 Million De Dollars,https://www.imdb.com/title/tt31474158/?ref_=rlm,,19-06-2024
,,"Megan Northam, Dimitri Doré, Sébastien Pouderoux, Catherine Salée, Sam Louwyck, Roman Williams, Sofia Lesaffre, Nicolas Avinée, Yoann Thibaut Mathias, Arcadi Radeff, Sabine Timoteo, Marie Bray, Christian Bouillette","Aventure, Drame, Science-fiction",France,Jérémy Clapin,tt21247132,,51,,6.5,89,,"Auvergne Rhône-Alpes Cinéma, Carcadice, France 3 Cinéma","Elsa, 23 ans, n'arrive pas à faire le deuil de son frère aîné, disparu au cours d'une mission spatiale. Un jour, elle est contactée par une forme de vie inconnue qui prétend pouvoir le ramener sur Terre. Mais il y a un prix à payer.",Pendant Ce Temps Sur Terre,https://www.imdb.com/title/tt21247132/?ref_=rlm,,03-07-2024
2991086,,"Jimmy O. Yang, J.K. Simmons, Chloe Bennet, Lisa Lu, Sharon Horgan, Catherine Tate, John Cleese, Nick Heath, Naomi McDonald, Rebecca Yeo, Raza Jaffrey, Alexander Rodriguez, Kerry Shale","Animation, Comédie, Famille","États-Unis, Royaume-Uni, Émirats arabes unis",Ross Venokur,tt8417168,,791,,5.2,93, The Silk Road Rally,"Riverstone Pictures, Kintop Pictures, Vanguard Films and Animation",Les coureurs s'affrontent dans un rallye aux enjeux élevés le long de la célèbre route commerciale de la soie.,Les Rois Du Rallye,https://www.imdb.com/title/tt8417168/?ref_=rlm,744169,31-07-2024
,46870000,"Pierre Niney, Pierfrancesco Favino, Anaïs Demoustier, Oscar Lesage, Anamaria Vartolomei, Laurent Lafitte, Julien De Saint Jean, Vassili Schneider, Bastien Bouillon, Patrick Mille, Bruno Raffaelli, Axel Baille, Kurt Laferla, Abde Maziane, Olivier Le Montagner, Françoise Gazio, Jonathan Balzan, Mark Cassar","Action, Aventure, Drame",France,"Alexandre de La Patellière, Matthieu Delaporte",tt26446278,,,3915,,,,"Chapter 2, Fargo Films, M6 Films",Une nouvelle adaptation du célèbre roman d'Alexandre Dumas.,Le Comte De Monte-Cristo,https://www.imdb.com/title/tt26446278/?ref_=rlm,,28-06-2024
24520,,"Shin Seok-ho, Ha Seong-guk, Kim Seung-yun, Kim Min-hee",Drame,Corée du Sud,Hong Sang-soo,tt26448971,,302,,6.3,61, Mul-An-E-Seo,Jeonwonsa Film,"A young actor explores the surroundings, waits for the right light to emerge and watches the horizon from the coast.",In Water,https://www.imdb.com/title/tt26448971/?ref_=rlm,,26-06-2024
,,"Yorgos Tsiantoulas, Andreas Labropoulos, Roubini Vasilakopoulou, Nikolaos Mihas, Vasilis Tsigristaris, Jacques Simha, Lena Giaka",Comédie,Grèce,Zacharias Mavroeidis,tt27139897,,94,,7.4,106, To Kalokairi Tis Karmen,"Argonauts Productions S.A., Atalante Productions S.A., Ekome","While having a day-long swim at Athens' queer beach, best friends Demos and Nikitas recall the events of a recent summer in the prospect of turning them into a screenplay for Nikitas' feature debut.",The Summer With Carmen,https://www.imdb.com/title/tt27139897/?ref_=rlm,,19-06-2024
,,"Thomas Lemoine, Pierre Lottin, Lionnel Astier, Gaël Tavares, Melissa Izquierdo, Alain Bouzigues, Hichem Yacoubi, Meledeen Yacoubi, Benjamin Baffie, Lotfi Abdelli",Comédie,France,"Dimitri Lemoine, Thomas Lemoine",tt27487494,,,,,,,"AuldLands Films, AuldLands Films","Mathieu, a young ambitious actor, struggles to put together his showreel. His friend Ousmane offers him a role in his rap music video, but the shoot doesn't go as planned.",La Gardav,https://www.imdb.com/title/tt27487494/?ref_=rlm,,12-06-2024
,,"Mathias Legout Hammond, Élodie Bouchez, Jean-Charles Clichet, Céleste Brunnquell, Laly Mercier, Louis Peres, Angèle Metzger, Bakary Diombera, Anne Benoît, Valérie Lemaitre, Bruno Georis, Géraldine Pochon, Mila Ruozo, Noan Lazhar, Suzon Renaud, Cédric Mazzec, Rolland Gervet, Véronique Frumy",Drame,"France, Belgique",Céline Rouzet,tt22986716,,70,,6.8,104,,"ElianeAntoinette, Reboot Films, Altitude 100 Production","The Feral family plan to look normal and friendly as they move into a new neighborhood. Their son, Philemon gets closer to his new neighbor, Camila and his thirst for blood grows thus his difference becomes impossible to hide.",En Attendant La Nuit,https://www.imdb.com/title/tt22986716/?ref_=rlm,,12-06-2024
,50000000,"Bill Skarsgård, FKA twigs, Danny Huston, Laura Birn, Jordan Bolger, Isabella Wei, David Bowles, Sami Bouajila, Dukagjin Podrimaj, Jim High, Paul A Maynard, Sebastian Orozco, Baha Chbani, Kim Girschner","Action, Policier, Fantastique","Royaume-Uni, France, États-Unis",Rupert Sanders,tt1340094,,,32,,,,"Hassell Free Productions, Davis-Films, The Electric Shadow Company","Une réimagination moderne du personnage bien-aimé, The Crow, basée sur le roman graphique original de James O'Barr.",The Crow,https://www.imdb.com/title/tt1340094/?ref_=rlm,,05-06-2024
76531,,"Arthur, Emma Avena, Amir Baylly, ""Jenny BelAir"", La Bourette, Nathan Callot, Kori Ceballos, Liz Christin, Iris Crosnier, Naëlle Dariya, Tom Dekel, Clara Deshayes, Virginie Despentes, Eleonore, Castiel Emery, Le Filip, Pierre et Gilles, Noam Iroual",Documentaire,France,Paul B. Preciado,tt26448981,86,355,,7.1,98,,"24 Images, ARTE, Les Films du Poisson","La politique nous montre que le changement n'est plus seulement une question de genre, mais aussi de poésie, d'amour et de couleur de peau.","Orlando, Ma Biographie Politique",https://www.imdb.com/title/tt26448981/?ref_=rlm,37461,05-06-2024
,,"Bernard Llopis, Lucas Viudez, .jU, Odette Simoneau, Faddo Jullian, Emma Soisson",Comédie,France,,tt26699755,,,,,103,,"Les Films du Veyrier, Mirak Films",Two young women who hit the road in their old truck after being chased from the land they were squatting and head off on an adventure.,Fainéant.E.S,https://www.imdb.com/title/tt26699755/?ref_=rlm,,29-05-2024
,,"Dakota Fanning, Olwen Fouéré, Georgina Campbell, Siobhan Hewlett, Hannah Howland, Alistair Brammer, Seán T. Ó Meallaigh, Oliver Finnegan, ""Shane ORegan"", Anthony Morris, Jacob Greenway, Kya Brame, Emily Dargan, Hannah Dargan, Jim Tighe, Adam Ashford, Charles Camrose, Diarmuid de Faoite","Fantastique, Horreur, Mystère",États-Unis,Ishana Shyamalan,tt26736843,,,475,,, The Watchers,"Blinding Edge Pictures, Inimitable Pictures, New Line Cinema","Mina, une artiste de 28 ans, se retrouve bloquée dans une vaste forêt immaculée de l'ouest de l'Irlande. Après avoir trouvé un abri, elle se retrouve piégée avec trois étrangers, traqués chaque nuit par de mystérieuses créatures.",Les Guetteurs,https://www.imdb.com/title/tt26736843/?ref_=rlm,,05-06-2024
,,,Animation,Canada,Joël Vaudreuil,tt28337488,,7,,7.0,96,,Parce Que Films,"Adam is a 15-year-old teenager who has the strange peculiarity of having a body that changes, depending on the teasing and negative comments he receives from those around him. The accumulation of his physical changes just adds a layer to his already complex life.",Adam Change Lentement,https://www.imdb.com/title/tt28337488/?ref_=rlm,,29-05-2024
,,"Luke Stratte-McClure, Julien Romano, Catalina Cuevas, Constantin Leu, Charlotte Landoy, Jiahui Chou, Zita Wang, Dylan Louhoungou, Haô Ting, Ghjulia Van Muylders",Thriller,France,Sofiene Mamdi,tt27045130,,,,,92,,Reaficta Films,"Ce soir est la dernière chance pour Alex de changer son destin. Alors qu'il met en œuvre un plan complexe, les personnages louches et les rebondissements inattendus en font un pari périlleux et risqué.",Assemblage,https://www.imdb.com/title/tt27045130/?ref_=rlm,,29-05-2024
,,"Giancarlo Esposito, Kathryn Newton, Dan Stevens, Matthew Goode, Angus Cloud, Melissa Barrera, Kevin Durand, Alisha Weir, William Catlett","Horreur, Thriller","États-Unis, Irlande","Matt Bettinelli-Olpin, Tyler Gillett",tt27489557,,,316,,,,"Project X Entertainment, Radio Silence Productions, Wild Atlantic Pictures","Après avoir enlevé la fille ballerine d'un puissant personnage de la pègre, un groupe de criminels se réfugie dans un manoir isolé, ignorant qu'ils y sont enfermés avec une petite fille tout ce qu'il y a de plus normal.",Abigail,https://www.imdb.com/title/tt27489557/?ref_=rlm,,29-05-2024
12806,,"Alejandro Hincapié, Camilo Machado, Alejandro Mendigana, Julian David Moncada, Camilo Najar, Juan Pérez, Sharllot Zodoma, Víctor Gaviria, Theo Montoya, Julian Stevens Arias, Jonathan Leandro Cadavid, Jerónimo Rendón Deossa, Alejandro Duque, Jhonatan Solei Hernández, Tailyn Valencia, Sergio Pérez","Documentaire, Drame","Colombie, Roumanie, France, Allemagne",Theo Montoya,tt21364460,,254,,7.1,75,,"Desvio Visual, Monogram Film, Dublin Films","A funeral car cruises the streets of Medellin, while a young director tells the story of his past in this violent and conservative city. He remembers the pre-production of his first film, a Class-B movie with ghosts.",Anhell69,https://www.imdb.com/title/tt21364460/?ref_=rlm,,29-05-2024
,13124000,"Denis Ménochet, Kacey Rohl, K.C. Collins, Jhaleil Swaby, Laurent Lemaire, Michaëna Benoit, Melissa Toussaint, Pascal Tshilambo, Veronique Verhoeven, Kemware Heru Nethier, Chip Chuipka, Peter Bryant, Philippe Lavalette, Sara Montpetit, Robin T. Rose, Elizabeth Eveillard, Gytana Theobrun, Gillian Doria",Drame,Canada,Anaïs Barbeau-Lavalette,tt18350136,,193,,5.9,96,,Go Films,"Alors que le pays explose après l'assassinat de Martin Luther King, l'écrivain Romain Gary, humaniste et amoureux des animaux, et sa femme, la star Jean Seberg, militante des droits civiques, accueillent chez eux un chien abandonné.",Chien Blanc,https://www.imdb.com/title/tt18350136/?ref_=rlm,,22-05-2024
,168000000,"Anya Taylor-Joy, Chris Hemsworth, Nathan Jones, Charlee Fraser, Tom Burke, Lachy Hulme, Angus Sampson, Alyla Browne, Daniel Webber, Nat Buchanan, David Collins, Goran D. Kleut, Spencer Connelly, Ian Roberts, Matuse, Maleeka Gasbarri, CJ. Bloomfield, Rahel Romahn","Action, Aventure, Science-fiction",Australie,George Miller,tt12037194,,,118,,,,"Kennedy Miller Mitchell, Warner Bros.","L'histoire de la guerrière renégate Furiosa avant qu'elle ne s'associe à Mad Max dans ""Fury Road"".",Furiosa: A Mad Max Saga,https://www.imdb.com/title/tt12037194/?ref_=rlm,,22-05-2024
62981,,"Yang Jae-seong, Kim Seo-hyeong, Mi-won Won, Shin Yun-sook","Policier, Drame, Thriller",Corée du Sud,Lee Sol-hui,tt22489882,,70,,6.6,100,,KAFA Films,"A divorced mother works as a caregiver while living in a converted greenhouse, striving to earn enough to move with her middle school son into a real home.",Greenhouse,https://www.imdb.com/title/tt22489882/?ref_=rlm,,29-05-2024
1674900,,"Santiago Sandoval, Fernando Cuautle, Esteban Caicedo, Isabel Yudice, Mónica Del Carmen, Roberto Ramos, Alejandrina Osorio, Ivan Flores, German Carrizales, .Carlos Gerardo Garcia Silva, Salvador Rico, Ricardo Tadeo, Ari Axel Hernandez, David Deleo, Diego Resendiz, Iván González, Daniel Montano, Lourdes Millan","Drame, Mystère, Thriller","Mexique, Suède",David Zonana,tt24079846,,11000,,6.8,88,,"Filmadora, Film i Väst","Luis, un jeune homme de 18 ans aux racines indigènes, entre à l'École militaire héroïque dans l'espoir de s'assurer un meilleur avenir.",Heroico,https://www.imdb.com/title/tt24079846/?ref_=rlm,,22-05-2024
,,"Pawan Malhotra, Jayy Randhawa, Deep Sehgal",Drame,Inde,Maneesh Bhatt,tt31616101,,,,,,,Thind Motion Films,"Daler, whose neck fall on the right side when he's angry, His life took drastic turn when he tries to bring His Pregnant sister back home .",Je Jatt Vigad Gya,https://www.imdb.com/title/tt31616101/?ref_=rlm,,17-05-2024
,,"Laurent Bonnet, Joel Gosset, Olivier Gourmet, Dave Johns, Brigitte Poupart, Vanessa Van Durme","Comédie, Drame","Belgique, Canada",David Lambert,tt23183578,,7,,6.7,83,,Artémis Productions,"Thom and Henri experienced the joys of gay marriage, but after 35 years together, love turned sour, and it was time for a divorce.",Les Tortues,https://www.imdb.com/title/tt23183578/?ref_=rlm,,15-05-2024
,,"Nisrin Erradi, Jalila Talemsi, Nisrine Benchara, Rayhan Guaran",Aventure,"France, Maroc",Yasmine Benkiran,tt14311482,,94,,7.4,83,,"Petit Film, Deuxieme Ligne Films, KeyFilm","Casablanca, Morocco. A trio of women, with the police on their tail, embarks on a long escape that takes them across the rugged red terrain and flower-filled valleys of the Atlas to finally reach the Atlantic coast.",Queens,https://www.imdb.com/title/tt14311482/?ref_=rlm,,15-05-2024
,,"Benjamin Voisin, Emmanuelle Bercot, Rivaldo Pawawi, Lottie Andersen, Aure Atika, Suzy Bemba, Laura Felpin, Chloé Lecerf, Grégoire Ludig, Mila Michael",Comédie,France,Jérémie Sein,tt27751906,,,,,,,Avenue B Productions,,L'Esprit Coubertin,https://www.imdb.com/title/tt27751906/?ref_=rlm,,08-05-2024
,,"Léa Drucker, Eric Godon, Wim Willaert, Pierre Lottin, Bastien Bouillon, Marion Barbeau, Thor Schenker, Christophe Reymond, Silvia Massegur, Karim Seghair",,France,,tt28374926,,,,,,,,,Un Homme En Fuite,https://www.imdb.com/title/tt28374926/?ref_=rlm,,08-05-2024
,,"Marie Toscan du Plantier, Iris Bry, Thomas Scimeca, Yannick Renier, Isild Le Besco, André Marcon, Sarah Le Picard, François Berléand, Scali Delpeyrat, Thibault de Montalembert, Karol Beffa, Stéphane Bernard, Édouard Buhr, Victor Chambon, Balthazar Corvez-Jubin, Guillemette Crémèse, Xavier de Guillebon, Clément Ducros",Drame,France,Jean-Claude Monod,tt30184788,,,,,97,,"Dacor Productions, ""Les Films dIci""",,Un Jour Fille,https://www.imdb.com/title/tt30184788/?ref_=rlm,,08-05-2024
,,"Tope Tedela, Riyo David, Martha Ehinome, Uche Elumelu, Floyd Anekwe","Drame, Romantique",Nigeria,Babatunde Apalowo,tt25161220,,142,,6.4,93, All The Colours Of The World Are Between Black And White,Polymath Pictures,"Bambino and Bawa meet in Lagos and hit it off immediately. During their long trips around the city, they develop a deep affection for each other. But in a society which considers homosexuality taboo, they feel the pressure of social norms.",Toutes Les Couleurs Du Monde,https://www.imdb.com/title/tt25161220/?ref_=rlm,,08-05-2024
,,"Ryô Ikeda, Wan Marui, Yûgo Mikawa, Koki Osamura, Momoi Shimada, Harumi Shuhama, Makita Sports, Haruki Takano, Kotaro Yagi",Comédie,Japon,Ryo Takebayashi,tt27510455,,404,,6.6,82, Mondays: See You 'This' Week!,,Un groupe de collègues d'une agence de publicité découvre peu à peu qu'ils sont tous piégés dans une boucle temporelle d'une semaine.,Comme Un Lundi,https://www.imdb.com/title/tt27510455/?ref_=rlm,,08-05-2024
,,"Fred Blin, Léonie Dahan-Lamort, Lilith Grasmug, Cyril Metzger, Maxime Rohart",Drame,France,Romain de Saint-Blanquat,tt26245650,,97,,6.7,90,,Easy Tiger,A Catholic schoolgirl is convinced tonight is her last night on Earth and decides to attend a costume party with her best friend.,La Morsure,https://www.imdb.com/title/tt26245650/?ref_=rlm,,15-05-2024
,,"Lilith Grasmug, Mermoz Melchior, Benjamin Python, Noah Watzlawick, Lea Gigon, Diana Gervalla, Lou Iff, Sabine Timoteo, François Revaclier, Marco Calamandrei, Barbara Tobola, Etienne Tripoz, Lisa Kirby",Drame,Suisse,Carmen Jaquier,tt12390508,,310,,6.2,92,,"Close Up Films, Radio Télévision Suisse (RTS)","In a Swiss village, Elisabeth, 17, returns home from the convent after learning of her sister's mysterious death. Reunited with her three childhood friends, she discovers that faith and desire can sometimes be intertwined.",Foudre,https://www.imdb.com/title/tt12390508/?ref_=rlm,,08-05-2024
,,"William H. Macy, Freya Allan, Dichen Lachman, Kevin Durand, Owen Teague, Peter Macon, Neil Sandilands, Lydia Peckham, Sara Wiseman, Eka Darville, Travis Jeffery, Ras-Samuel, Nina Gallas","Action, Science-fiction",États-Unis,Wes Ball,tt11389872,,,197,,, Kingdom Of The Planet Of The Apes,"Disney Studios Australia, Twentieth Century Fox",Un jeune singe entreprend un voyage qui l'amène à remettre en question tout ce qu'on lui a appris sur le passé et à prendre des décisions qui détermineront son avenir.,La Planète Des Singes: Nouveau Royaume,https://www.imdb.com/title/tt11389872/?ref_=rlm,,08-05-2024
3200822,3815000,"Hennika Huuse, Todd Bishop Monrad Vistven, Johannes Kjærnes, Tobias Santelmann, Kari Simonsen, Henriette Marø, Line Verndal, Atle Antonsen, Desta Marie Beeder, Charlotte Frogner","Animation, Famille",Norvège,"Rasmus A. Sivertsen, Jean-Luc Julien",tt21212718,,252,,5.4,76, Helt Super,Qvisten Animation,"Hedvig a rétréci le costume de super-héros de papa et ne peut donc plus être le super-Lion. Le joueur Hedvig est maladroit, mais lorsque papa choisit le cousin Adrian pour être le prochain héros, Hedvig doit réagir.",Super Lion,https://www.imdb.com/title/tt21212718/?ref_=rlm,,08-05-2024
118613,,"Augusto Góngora, Paulina Urrutia, Gustavo Cerati, Pedro Lemebel, Javier Bardem, Raúl Ruiz",Documentaire,"Chili, États-Unis",Maite Alberdi,tt24082488,85,3000,1489,7.4,85, La Memoria Infinita,"Fabula, Micromundo Producciones, Chicken And Egg Pictures","Augusto et Paulina sont ensemble depuis 25 ans. Il y a huit ans, on lui a diagnostiqué la maladie d'Alzheimer. Tous deux redoutent le jour où il ne la reconnaîtra plus.",La Mémoire Éternelle,https://www.imdb.com/title/tt24082488/?ref_=rlm,67594,08-05-2024
,,,Documentaire,France,Nicolas Peduzzi,tt27009824,,56,,7.9,102,,"ARTE, Gogogo Films","Comment bien soigner dans une institution malade ? Dans un hôpital de la région parisienne, un psychiatre se consacre à sa mission au risque de perdre du terrain.",État Limite,https://www.imdb.com/title/tt27009824/?ref_=rlm,,01-05-2024
,,"Artus, Clovis Cornillac, Alice Belaïdi, Marc Riso, Céline Groussard, Gad Abecassis, Ludovic Boul, Stanislas Carmont, Marie Colin, Thibaut Conan, Mayane Sarah El Baze, Théophile Leroy, Boris Pitoëff, Sofian Ribes, Arnaud Toupense, Benjamin Vandewalle",Comédie,France,Artus,tt30795948,,,,,,,Cine Nomine,"Pour échapper à la police, un fils et son père trouvent refuge dans une colonie de vacances pour jeunes adultes handicapés, en se faisant passer pour un pensionnaire et son éducateur.",Un P'Tit Truc En Plus,https://www.imdb.com/title/tt30795948/?ref_=rlm,,01-05-2024
,,"Diego Murgia, Benjamin Tellier, Jean Devie, Emmanuelle Bercot, Raphaël Quenard",,France,,tt28100718,,9,,7.3,95, Les Trois Fantastiques,"Rectangle Productions, Les Films Norfolk","East of France, today. Max, a witty and brave 12-year-old, feels like he has two families instead of one. In and after school, he spends all his time with his two best friends Tom and Vivian, who are always there to make life easier for each other. Together, they are The Fantasti...",Les Trois Fantastiques,https://www.imdb.com/title/tt28100718/?ref_=rlm,,01-05-2024
850,,"Francisco Hyjno Kraho, Ilda Patpro Kraho, Luzia Cruwakwyj Kraho, Solane Tehtikwyj Kraho, Raene Kôtô Krahô, Debora Sodre",Drame,"Portugal, Brésil","Renée Nader Messora, João Salaviza",tt27502245,,176,,6.2,123, Crowrã,"Entrefilmes, Karõ Filmes","Patpro, recounting the history, struggle for land took place in 1940. Krahô never stop inventing new forms of resistance, guided by their ancestral rites, and their fight to preserve their freedom.",La Fleur De Buriti,https://www.imdb.com/title/tt27502245/?ref_=rlm,,01-05-2024
,109000,"Alex Lutz, Léa Drucker, Nora Hamzawi, Louise Chevillotte, Arcadi Radeff, Laurence Côte, Jonny Carlo, Alain Chamfort, Céline Karter, Matthieu Lucci, Eric Marcel, Vincent Nemeth, Christophe Paou, Olivier Rabourdin, Alexandre Steiger, Jesse Guttridge",Drame,France,Pascal Bonitzer,tt29147289,,,,,91,,SBS Productions,"André Masson, specialist in modern art, receives a letter according to which a painting by Egon Schiele had been discovered in Mulhouse. He finds that the work has been missing since 1939. This discovery puts his career in danger.",Le Tableau Volé,https://www.imdb.com/title/tt29147289/?ref_=rlm,,01-05-2024
,,,Documentaire,France,Matthew Lancit,tt31109759,,,,,80,,Tajine Studio,"If there is one person Matthew Lancit can't get out of his mind, it is his uncle Harvey. Dark rings around his eyes, pale, blind, his legs amputated. Like Harvey, the filmmaker also suffers from diabetes. How much longer?",Fais Le Mort!,https://www.imdb.com/title/tt31109759/?ref_=rlm,,30-04-2024
,,"Mathieu Kassovitz, Yvan Attal, Anaïs Parello, Cécile Morel",Drame,France,,tt28100729,,,,,,,"Quad, Traveling Angel Films",,Frères,https://www.imdb.com/title/tt28100729/?ref_=rlm,,27-04-2024
,,"Sidse Babett Knudsen, Sebastian Bull, Dar Salim, Marina Bouras, Olaf Johannessen, Bashar Al-Saoudi, Frantz Dupuis, Jacob Lohmann, Siir Tilif, Liv Tolsager, Thomas Voss, Rami Zayat","Drame, Thriller","Danemark, Suède, France",Gustav Möller,tt27496775,,134,,7.2,100,,"Nordisk Film, Nordisk Film Production Sverige AB, Danmarks Radio (DR)",The idealistic prison officer Eva is faced with the dilemma of her life when a young man from her past gets transferred to the prison where she works.,Vogter,https://www.imdb.com/title/tt27496775/?ref_=rlm,,01-05-2024
,,"Ryan Gosling, Emily Blunt, Hannah Waddingham, Aaron Taylor-Johnson, Teresa Palmer, Stephanie Hsu, Winston Duke, Madeleine Jones, David Collins, Zara Michales, Charlotte Wood, Matuse, Adam Dunn, Daniel Nelson, Nova Onas, Tim Franklin, Theodore Avery, Beth Champion","Action, Comédie, Drame",États-Unis,David Leitch,tt1684562,77,,38,,126,,"87North, Entertainment 360, Universal Pictures",Un cascadeur hollywoodien travaille au clair de lune en tant que chasseur de primes pour joindre les deux bouts.,The Fall Guy,https://www.imdb.com/title/tt1684562/?ref_=rlm,,01-05-2024
,,"Marilú Marini, Alfredo Arias, Arthur Aumard, Valentin Clerc, Copi, Alicia Devidal, Luca Fiorello, Yolène Guais, Lawrence Leherissey, Pierre Maillet, David Marain, Bruno Marsol, Arthur Nauzyciel, Thomas Nicolle, Judith Scotto, Simon Terrenoire, Marc Toupence, Elsa Verdon",Documentaire,"France, Argentine",Sandrine Dumas,tt31597051,,,,,86,,"Pio & Co, Rei Cine","Moving between biopic and documentary, the film attempts to shed light on the life and personality of the great theater actor Marilú Marini, following her for six years in rehearsals between Paris and Buenos Aires. Hard work, keeping on the move, creativity, and an insatiable des...",Marilú,https://www.imdb.com/title/tt31597051/?ref_=rlm,,24-04-2024
,,"Tergel Bold-Erdene, Nomin-Erdene Ariunbyamba, Anu-Ujin Tsermaa, Bulgan Chuluunbat, Ganzorig Tsetsgee, Myagmarnaran Gombo, Tsend-Ayush Nyamsuren, Sodtuya Uuganbayar, Ulsbold Enkhbaatar, Altantsooj Enkhtuvshin, Temuujin Tsaschikher, Bolormaa Sugar, Khosbayar Dondog, Enkhbayar Dambasuren, Azzaya Munkhuu, Batbayar Shagdarjav, Turbold Tumurbaatar, Ankhbaatar Bud",Drame,"Qatar, Allemagne, Pays-Bas, Portugal, Mongolie, France",Lkhagvadulam Purev-Ochir,tt27816866,,132,,6.9,104, Ser Ser Salhi,"27 Films Production, Aurora Films, Guru Media","Ze, a 17-year-old, studies hard at school to succeed in the cold, callous society of modern Mongolia. When Ze encounters Maralaa, his senses are awakened and another reality seems possible.",Un Jeune Chaman,https://www.imdb.com/title/tt27816866/?ref_=rlm,,24-04-2024
,,"Ido Tako, Mika Reiss, Efrat Ben Tzur, Tikva Dayan, Shmulik Cohen, Yariv Horowitz, Seif Nabul, Mushy Vider","Drame, Thriller, Guerre",Israël,Dani Rosenberg,tt27817584,,98,,6.8,105, The Vanishing Soldier,"Israel Film Fund, United Channel Movies",Eighteen-year-old Israeli soldier flees back to his girlfriend in Tel Aviv only to discover that the military elite is convinced he was kidnapped in the fog of war.,Le Déserteur,https://www.imdb.com/title/tt27817584/?ref_=rlm,,24-04-2024
,,"Elsa Mala, Albina Krasniqi, Don Shala, Aurora Ferati, Gani Rrahmani, Urate Shabani, Armend Smajli, Tristan Halilaj",Drame,"France, Kosovo",Luàna Bajrami,tt28495781,,31,,7.3,94, Bota Jonë,,"Zoé and Volta set off from their isolated home village to attend university in Pristina. In the midst of social and political unrest, the two women discover a country in turmoil, searching for its identity on the brink of independence.",Notre Monde,https://www.imdb.com/title/tt28495781/?ref_=rlm,,24-04-2024
,,"Daniel Berlioux, Oussem Kadri, Majida Ghomari, Véronique Frumy, Sofiane Kaddour, Timothée Vaganay, Gérard Chaillou, Farès Choua, Najla Barouni, Laurent Borel, Rachid Moura, Séverine Warneys, Léopold Bellanger, Morgane Housset, Chloe di Gregorio, Agnès Godey, Anne Sicard, Nathalie Charade","Biographique, Drame",France,Cheyenne Carron,tt29478506,,,,,,,Hésiode Productions,"Father Jacques Hamel and Adel Kermiche, two destinies crossed for the worse. In July 2016, Adel killed Father Hamel in his church. His chaotic path, turned towards destiny, destroyed a life turned towards others and the sacred. Yet from this annihilation sprang an act of kindness...",Que Notre Joie Demeure,https://www.imdb.com/title/tt29478506/?ref_=rlm,,24-04-2024
,,"Ifham Mathet, Bahia Boutia El Oumani, Mustafa Shimdat, Jaafar Brigui",Drame,"France, Maroc",Leila Kilani,tt26345453,,22,,5.0,127,,"DKB Productions, Socco Chico Films","While the matriarch of the Bechtani clan wants to clear out the family land and sell it, her son and granddaughter live within nature in a fully mystical way, paying heed to coincidences and signs that announce a coming social revolution.",Indivision,https://www.imdb.com/title/tt26345453/?ref_=rlm,,24-04-2024
,,"Noée Abita, Anders Danielsen Lie, Alexis Neises, François Morel, Louise Chevillotte, Saadia Bentaïeb, Chad Chenouga, Sonia Bendhaou, Andranic Manet, Valérie Trajanovski, Hugo Hamdad, Valérie Dashwood, Dan Herzberg, Guilhem Amesland, Estelle Meyer, Omar Mebrouk, Baptiste Fache, Eloïse Valli",Drame,France,Victoria Musiedlak,tt26218928,,31,,6.1,98,,"Ligne 2, France 2 Cinéma, Canal+",An inexperienced criminal defense lawyer is charged with the case of a teenage boy accused of murdering a neighbor.,Première Affaire,https://www.imdb.com/title/tt26218928/?ref_=rlm,,24-04-2024
,,"Marisa Abela, Eddie Marsan, ""Jack OConnell"", Lesley Manville, Juliet Cowan, Bronson Webb, Ansu Kabia, Harley Bird, Pierre Bergman, Matilda Thorpe, Sam Buchanan, Jeff Tunke, Tim Treloar, Colin Mace, Christos Lawton, Michael S. Siegel, Dywayne Thomas, Jasmine Kerr","Biographique, Drame, Musical","France, Royaume-Uni, États-Unis",Sam Taylor-Johnson,tt21261712,,,651,,122,,"StudioCanal UK, Monumental Pictures, Canal+","Il retrace la vie et la musique d'Amy Winehouse, de l'adolescence à l'âge adulte, et la création de l'un des albums les plus vendus de notre époque.",Back To Black,https://www.imdb.com/title/tt21261712/?ref_=rlm,,24-04-2024
27284,,"Paul Eyam Nzie Okpokam, Mike Slye, Elaine Featherstone, Lothario Lotho, James Earl Garrison, Ann Scofield, Shermane Powell, Jack Nance, David Schickele, Donna Michelson, Timothy Near, Patrick Gleeson, David Major, Curtis Branch, Florence Schwartz, John Dotson",Drame,États-Unis,David Schickele,tt0212016,,43,,7.6,73,,"American Film Institute (AFI), Bushman Co.","In 1968's tumult, a Nigerian student in San Francisco experiences clashing cultures and elucidates society's ineptitude at living humanely.",Bushman,https://www.imdb.com/title/tt0212016/?ref_=rlm,27284,24-04-2024
10077,,"Cynthia Erivo, Alia Shawkat, Ibrahima Ba, Honor Swinton Byrne, Zainab Jah, Suzy Bemba, Vincent Vermignon, Abigail Boyd, Luca Calvani, Amanda Drew, Dorotea Mercuri, Jonathan Rhodes, Bill Tsepenekas, Guy Robbins",Drame,"États-Unis, Grèce, France, Royaume-Uni",Anthony Chen,tt20415224,66,143,,6.7,93,,"Aim Media, British Film Institute (BFI), Cor Cordium",Jacqueline escapes her war-torn country to a Greek island. She meets an unmoored tour guide and the two become close as they each find hope in the other.,Drift,https://www.imdb.com/title/tt20415224/?ref_=rlm,10077,24-04-2024
,,"Nabil Atif, Mehdi Azekri, Rafik Boubker, Driss Chalouh, Soukaina Darabil, Amal El Atrache, Salwa Zahrane",Policier,Maroc,Rabii Chajid,tt27684533,,,,,90,,Cineland,"The events of the film revolve around Halim and Mounir who accidentally come across a magic notebook. One night, unaware of the powers of this notebook, Halim, on a whim and after being rejected by the bodyguards of a big city club, expresses his anger by writing a wish on the no...",Jouj,https://www.imdb.com/title/tt27684533/?ref_=rlm,,17-04-2024
,,,Documentaire,"France, Pologne",,tt30877435,,,,,,,"Chaz Productions, Madants, Bord Cadre Films","He goes by the names of Alexandre, Ricardo or Daniel. He calls himself a surgeon or an engineer, Argentinean or Brazilian. He lives with four women at the same time, adapting his story and even his personality traits to each one. A first-person investigation with the help of a pr...",L'Homme Aux Mille Visages,https://www.imdb.com/title/tt30877435/?ref_=rlm,,17-04-2024
,,"Hafsia Herzi, Moussa Mansaly, Louis Memmi, Michel Fau, Pablo Pauly, Florence Loiret Caille, Cédric Appietto, Henri-Noël Tabary, Anthony Morganti, Thomas Muziotti, Jean-Etienne Frisoni, Luigi Fazio, Maé Touhami, Lyam Touhami, Alexandre de Sèze, Samuel Torres Bianconi, Pierre Andrau, Patrick Battistelli","Policier, Drame",France,Stéphane Demoustier,tt19121072,,14,,7.3,118,,"Petit Film, France 3 Cinéma, Canal+",,Borgo,https://www.imdb.com/title/tt19121072/?ref_=rlm,,17-04-2024
2072799,,"Rodrigo Santoro, Marcelo Adnet, Alice Braga, Keith Silverstein, Ian James Corlett, Luis Bermudez, Laila McCann, Debra Wilson, Christopher Corey Smith, Triya Leong, Rachel Butera, Misty Lee, Rick Zieff, David Lodge, Bill Rogers, Karen Strassman, Mark Lewis, Nisa Ward","Animation, Aventure, Comédie Musicale","Brésil, Inde","Alois Di Leo, Sergio Machado, René Veilleux",tt8637446,,52,,5.5,84, Noah'S Ark,"Globo Filmes, Gullane, NIP",A pair of mice attempt to board Noah's Ark.,Les Aventuriers De L'Arche De Noé,https://www.imdb.com/title/tt8637446/?ref_=rlm,,10-04-2024
,,"Nell Tiger Free, Ralph Ineson, Sonia Braga, Tawfeek Barhom, Maria Caballero, Charles Dance, Bill Nighy, Nicole Sorace, Ishtar Currie-Wilson, Andrea Arcangeli, Guido Quaglione, Dora Romano, Michelangelo Dalisi, Anton Alexander, Mia McGovern Zaini, Eugenia Delbue, Charita Cecamore, Federica Santoro",Horreur,"États-Unis, Italie, Royaume-Uni",Arkasha Stevenson,tt5672290,,,41,,120, The First Omen,"20th Century Studios, Phantom Four Films, Abbey Road Studios","Une jeune Américaine est envoyée à Rome pour commencer une vie au service de l'Église, mais elle est confrontée à des ténèbres qui l'amènent à remettre sa foi en question et à découvrir une terrifiante conspiration.",La Malédiction: L'Origine,https://www.imdb.com/title/tt5672290/?ref_=rlm,,10-04-2024
9919,,"Hitoshi Omika, Ryô Nishikawa, Ryûji Kosaka, Ayaka Shibutani, Hazuki Kikuchi, Hiroyuki Miura, Yoshinori Miyata, Taijirô Tamura, Yûto Torii",Drame,Japon,Ryûsuke Hamaguchi,tt28490044,78,16000,2914,7.2,106, Aku Wa Sonzai Shinai,"Fictive, NEOPA","Takumi et sa fille Hana vivent dans le village de Mizubiki, près de Tokyo. Un jour, les habitants du village prennent connaissance d'un projet de construction d'un camping, offrant aux citadins une ""évasion"" confortable dans la nature.",Le Mal N'Existe Pas,https://www.imdb.com/title/tt28490044/?ref_=rlm,,10-04-2024
,7194000,"Nadia Tereszkiewicz, Benoît Magimel, Benjamin Biolay, Guillaume Gouix, Gustave Kervern, Anna Biolay, Eugène Marcuse, Juliette Armanet, Serge Bozon, Peri Bourgogne, Lucas Englander, Aurélia Petit, Julien Drion, Laurent Dassault, Frédéric Sauzay, Jérémie Bergerac, Aminthe Audiard, Victoria Amador","Drame, Historique","France, Belgique",Stéphanie Di Giusto,tt26342863,,109,,6.9,115,,"Trésor Films, Gaumont, Laurent Dassault Rond-Point",The story of the first bearded lady attraction.,Rosalie,https://www.imdb.com/title/tt26342863/?ref_=rlm,,10-04-2024
16007521,100000000,"Paul Rudd, Carrie Coon, Finn Wolfhard, Mckenna Grace, Kumail Nanjiani, Patton Oswalt, ""Celeste OConnor"", Logan Kim, Emily Alyn Lind, James Acaster, Bill Murray, Dan Aykroyd, Ernie Hudson, Annie Potts, William Atherton, Shelley Williams, Chris Tummings, John Rothman","Aventure, Comédie, Fantastique","États-Unis, Canada",Gil Kenan,tt21235248,46,71000,34,6.6,115, Ghostbusters: Frozen Empire,"Columbia Pictures, BRON Studios, Ghostcorps","Lorsque la découverte d'un ancien artefact libère une force maléfique, les anciens et les nouveaux S.O.S. Fantômes doivent unir leurs forces pour protéger leur maison et sauver le monde d'une seconde ère glaciaire.",S.O.S. Fantômes: La Menace De Glace,https://www.imdb.com/title/tt21235248/?ref_=rlm,16000000,10-04-2024
,,"Isabelle Carré, Pablo Pauly, Julia Faure, Bernard Campan",,France,,tt31159666,,,,,77,,Wild Bunch Distribution,"Sophia, who has been married for a long time with Xavier, invites their young upstairs neighbors to dinner. As the ice is broken, the evening unfolds with a cascade of revelations, laying bare the intricacies of relationships.",Et Plus Si Affinités,https://www.imdb.com/title/tt31159666/?ref_=rlm,,03-04-2024
,,"Yves Batek Mendy, Manon Bresch, Inas Chanti, Matthieu Lucci, Clémence Boisnard, Dimitri Decaux, Victor Bonnel, Johan Heldenbergh",Drame,France,Léo Fontaine,tt29245495,,,,,71,,"Polyfilms Production, Améthyste Films, One Out Production","Après plusieurs années, de jeunes adultes se retrouvent. Le temps du lycée est révolu mais ils tentent de rattraper le temps perdu. Cet après-midi là les souvenirs et non-dits refont surface, mais certaines choses ne sont plus comme avant.","Jeunesse, Mon Amour",https://www.imdb.com/title/tt29245495/?ref_=rlm,,03-04-2024
,,"Olonigdi Chiari, Laida Diaz de Prestan, Demetria Prestan Diaz, Demetriana Prestan Diaz, Sidsagi Inatoy, Cebaldo Inawinapi, Arysteides Turpana, Duiren Wagua, Orgun Wagua",Documentaire,"Panama, Suisse, France",Andres Peyrot,tt28581313,,20,,7.3,86,,"Industrie Films, P.S. Productions, Upside Films","The Kuna indigenous people of the Guna Yala islands of Panama intend to claim a 1975 documentary that portrayed their community, but was not ever shown to them.",Dieu Est Une Femme,https://www.imdb.com/title/tt28581313/?ref_=rlm,,03-04-2024
,,"Elie Semoun, Émilie Caen, Gérard Jugnot, Frédérique Bel, Loïc Legendre, Caroline Anglade, Nicolas Marié, Elodie Barthels, Sabrina Lopez Leonard",Comédie,"Belgique, France",Elie Semoun,tt28484935,,,,,90,,"Les films du 24, Les films du premier, Umedia",,Ducobu Passe Au Vert,https://www.imdb.com/title/tt28484935/?ref_=rlm,,03-04-2024
17595,,"Þröstur Leó Gunnarsson, Hermann Samúelsson, Anna Gunndís Guðmundsdóttir, Jóhann Jónsson, Jóel Sæmundsson, Jónmundur Grétarsson, Ahd Tamimi, Asgeir Gunnarsson, Iðunn Ösp Hlynsdóttir",Drame,"Islande, Slovaquie",Ninna Pálmadóttir,tt26218798,,166,,7.1,75, Einvera,"Pegasus Pictures, Pegasus Pictures, Halibut",An aging farmer moves to the city for the first time and forms a bond with a paper boy.,Le Vieil Homme Et L'Enfant,https://www.imdb.com/title/tt26218798/?ref_=rlm,,03-04-2024
,,"Sean Penn, Tye Sheridan, Gbenga Akinnagbe, Michael Pitt, Katherine Waterston, Mike Tyson, Raquel Nave, Kali Reis, Ramon Aleman, Jagan Badvel, Shelly Burrell, George W. Contreras, Jamie Cooper, Jagruti Deshmukh, Daniel Foote, Donna Glaesener, Decater James, Tanzeel Kayani","Drame, Thriller",États-Unis,Jean-Stéphane Sauvaire,tt9663896,41,223,2365,6.2,120, Asphalt City,"Sculptor Media, AZA Films, Force Majeure",La première année de travail d'un jeune secouriste à New York.,Black Flies,https://www.imdb.com/title/tt9663896/?ref_=rlm,,03-04-2024
5873399,,"Margaret Qualley, Geraldine Viswanathan, Beanie Feldstein, Joey Slotnick, C.J. Wilson, Colman Domingo, Pedro Pascal, Bill Camp, Matt Damon, Connie Jackson, Annie Gonzalez, Gordon MacDonald, Sam Vartholomeos, John Menchion, Michael Counihan, Abby Hilden, Haley Holmes, Fatima Fine","Action, Comédie, Thriller","États-Unis, Royaume-Uni",Ethan Coen,tt19356262,56,88000,31,5.6,84,,"Focus Features, Working Title Films","Jamie regrette sa rupture avec sa petite amie, tandis que Marian a besoin de se détendre. À la recherche d'un nouveau départ, ils se lancent dans un voyage inattendu à Tallahassee, mais les choses dérapent rapidement.",Drive-Away Dolls,https://www.imdb.com/title/tt19356262/?ref_=rlm,5028215,03-04-2024
,,"Rebecca Hall, Brian Tyree Henry, Dan Stevens, Kaylee Hottle, Alex Ferns, Fala Chen, Rachel House, Ron Smyck, Chantelle Jamieson, Greg Hatton, Kevin Copeland, Tess Dobré, Tim Carroll, Anthony Brandon Wong, Sophia Emberson-Bain, Chika Ikogwe, Vincent B. Gorce, Yeye Zhou","Action, Aventure, Science-fiction",États-Unis,Adam Wingard,tt14539740,,,36,,115, Godzilla X Kong: The New Empire,"Legendary Entertainment, Screen Queensland, Warner Bros.",Godzilla et Kong affrontent un monstre terrifiant qui menace la planète entière.,Godzilla X Kong: Le Nouvel Empire,https://www.imdb.com/title/tt14539740/?ref_=rlm,,03-04-2024
160519,,"August Diehl, Isabelle Huppert, Tsuyoshi Ihara","Drame, Romantique","France, Allemagne, Suisse, Japon",Élise Girard,tt26254622,,142,,6.0,95,,"10:15! Productions, Film-In-Evolution, Lupa Film","While on a book tour in Japan, Sidonie Perceval, still haunted by the ghost of her late husband, begins an affair with her mysterious Japanese publisher.",Sidonie Au Japon,https://www.imdb.com/title/tt26254622/?ref_=rlm,,03-04-2024
3675688,165416000,"Irina Chumantyeva, Svetlana Kuznetsova, Konstantin Panchenko, Yuriy Romanov, Maksim Sergeev, Courtney Shaw, Mariya Shustrova, Andrey Tenetko, Aleksandr Vasilyev, Polina Voichenko","Animation, Aventure, Fantastique",Russie,"Andrey Korn, Alex Tsitsilin",tt17164334,,123,,5.2,75,,Wizart Animation,"Kai and Gerda live in a cozy quiet town, suddenly the Icy Spirits come there to freeze everyone. However, Ila, a little wizardess, comes up to help the heroes. Together they go to the magic world of Mirrorland to get the Icy Spirits back.",Snezhnaya Koroleva: Razmorozka,https://www.imdb.com/title/tt17164334/?ref_=rlm,,30-03-2024
,,"Grégory Gadebois, Géraldine Nakache, Lyès Salem, Anton Alluin, Jacques Boudet, Noam Morgensztern, Françoise Lebrun, Sarah Pachoud, Daniel Tarrare, Christophe Tek, Bruno Le Millin, Gaïa Warnant, Nicolas Gachet, Morgane Lacroix",Drame,France,Ronan Tronchot,tt27432472,,,,,93,,Les Films du Clan,,Paternel,https://www.imdb.com/title/tt27432472/?ref_=rlm,,27-03-2024
,,"Doru Bem, Ciprian Chiriches, Ana Ciontea, Ioan Coman, George Dinu, Gábor Erdei, Bogdan Farcas, Cristina Flutur, Simona Ghita, Nicoleta Lefter, Iulian Postelnicu, Mihaela Sirbu, Palfi Tibor",Drame,"Roumanie, France, Suisse, Turquie",Andrei Cohn,tt21050630,,27,,7.0,133, Holy Week,"Bord Cadre Films, Mandragora, Shellac Films","Leiba runs the village inn in the 1900s, acting as a meeting point for Christians and Jews alike, however the conviviality masks racism and anti-Semitism.",Semaine Sainte,https://www.imdb.com/title/tt21050630/?ref_=rlm,,27-03-2024
,,"Alexandra Lamy, Félix Moati, Sofian Khammes, Julie Chen, Antoine Bertrand, Adam Fitzgerald, Olivier Ythier, Michael Schnörr, Yothin Udomsanti, David Chin, Philippe Torreton",Drame,France,Édouard Bergeon,tt27662142,,17,,6.9,120,,"Nord-Ouest Films, Artémis Productions, France 2 Cinéma",Follows Carole as she tries to save the life of her son who has been wrongfully sentenced to death in a rigged trial.,La Promesse Verte,https://www.imdb.com/title/tt27662142/?ref_=rlm,,27-03-2024
432085,,"Janet Novás, Siobhan Fernandes, Carla Rivas, Daniela Hernán Marchán, María Lado, Julia Gómez, José Navarro, Nuria Lestegás, Darío Fernández Raposo, Valentín Estévez, Filomena Gigante, Pamela Vidal, Belén Merino, Diego Anido, Álvaro Cardalda, Martiño Carou, Mario Rivas, Alberte Carou",Drame,"Espagne, Portugal, Belgique",Jaione Camborda,tt21920634,,377,,6.5,105, O Corno,"Esnatu Zinema, Miramemira, Elástica Films","Illa of Arousa, 1971. María earns her living fishing and also helps other women in their deliveries. After an unexpected event, she is forced to flee from her and begins a dangerous journey that will make her fight for her survival.",O Corno - Une Histoire De Femmes,https://www.imdb.com/title/tt21920634/?ref_=rlm,,27-03-2024
,4218300,"François Civil, Shaïn Boumedine, Toscane Duquesne, Mallory Wanecque, Bakary Kebe, Emma Boumali, Marianne Ehouman, Luna Ho Poumey, Mohamed Fadiga, Atik Jawed, Estevan Marchenoir, Agnès Hurstel, Myriam Djeljeli, Emilie Incerti-Formentini, Mustapha Abourachid, Armindo Alves de Sa, Francis Leplay, Fadily Camara",Drame,"France, Belgique",Teddy Lussi-Modeste,tt26060006,,28,,6.7,91,,"Kazak Productions, Frakas Productions, VOO",Inspiré d'une histoire vraie. Un jeune professeur de littérature est accusé à tort de harcèlement par une élève adolescente. Il doit faire face aux allégations alors que la situation s'étend jusqu'à devenir incontrôlable.,Pas De Vagues,https://www.imdb.com/title/tt26060006/?ref_=rlm,,27-03-2024
55593,,"Daniel Elías, Esteban Bigliardi, Margarita Molfino, Germán De Silva, Mariana Chaud, Gabriela Saidon, Cecilia Rainero, Javier Zoro, Lalo Rotavería, Iair Said, Fabian Casas, Adriana Aizemberg, Yessica Daina Gonzalez Capello, Natali Carranza, Erasmo Colombo, Jonathan Da Rosa, Franco de la Puente, Facundo Gigena","Comédie, Policier, Drame","Argentine, Luxembourg, Brésil, Chili",Rodrigo Moreno,tt18558306,86,24000,,6.7,189,,"Wanka Cine, Les Films Fauves, Sancho & Punta","Morán, employé de banque, projette de voler suffisamment d'argent pour ne plus jamais travailler, puis d'avouer et de purger une peine de prison pendant que son collègue cache l'argent.",Los Delincuentes,https://www.imdb.com/title/tt18558306/?ref_=rlm,42279,27-03-2024
157435,,"Naíma Sentíes, Montserrat Marañon, Marisol Gasé, Saori Gurza, Mateo Garcia, Teresa Sánchez, Iazua Larios, Alberto Amador, Juan Francisco Maldonado, Marisela Villarruel, Galia Mayer, Lukas Urquijo López, José Manuel Poncelis, Alioth Gutiérrez, Rodrigo Lamas, Abel Sánchez, Pepe Aguilar, Georgina Tábora",Drame,"Mexique, France, Danemark, Pays-Bas",Lila Avilés,tt26315142,91,21000,,7.1,95,,"Limerencia Films, Laterna, Paloma Productions","Seven-year-old Sol is spending the day at her grandfather's home, for a surprise party for Sol's father, Tonatiuh. As daylight fades, Sol comes to understand that her world is about to change dramatically.",Tótem,https://www.imdb.com/title/tt26315142/?ref_=rlm,94186,27-03-2024
459367,,"Adonyi-Walsh Gáspár, István Znamenák, András Rusznák, Rebeka Hatházi, Krisztina Urbanovits, Eliza Sodró, Lilla Kizlinger, Dániel Király, Gergely Kocsis, Tamás Fodor, Péter Tarján, Zsuzsa Száger, Péter Szeiler, Tóth Péter, Tünde Bacskó, Bálint Szimler, Eros Mara, Heinczinger Bence",Drame,"Hongrie, Slovaquie",Gábor Reisz,tt27788968,,14000,,7.8,151, Magyarázat Mindenre,"Mphilms Production, Proton Cinema","Abel is a high school student struggling to focus on his final exams, while being hopelessly in love with his best friend Janka.",L'Affaire Abel Trem,https://www.imdb.com/title/tt27788968/?ref_=rlm,,27-03-2024
,,"Alicia Vikander, Jude Law, Eddie Marsan, Paul Tinto, Sam Riley, Bryony Hannah, Ruby Bentall, Simon Russell Beale, Mia Threapleton, Erin Doherty, Anna Mawn, Amr Waked, Patsy Ferran, Ian Drysdale, Ashleigh Reynolds, Junia Rees, Edward Harrison, Jason Baughan","Drame, Historique","Royaume-Uni, États-Unis",Karim Aïnouz,tt15000156,61,322,3365,6.5,120, Firebrand,"Brouhaha Entertainment, FilmNation Entertainment, Magnolia Mae Films",Le mariage de la reine Catherine Parr et d'Henri VIII.,Le Jeu De La Reine,https://www.imdb.com/title/tt15000156/?ref_=rlm,,27-03-2024
,12500000,"Avantika, Olwen Fouéré, Harriet Slater, Jacob Batalon, Humberly González, Larsen Thompson, Wolfgang Novogratz, Adain Bradley, James Swanton, Stasa Nikolic, Alan Wells, Suncica Milanovic, Joss Carter",Horreur,États-Unis,"Spenser Cohen, Anna Halberg",tt14088510,,,1970,,, Tarot,"Screen Gems, Alloy Entertainment, Capstone Pictures","Lorsqu'un groupe d'amis viole inconsidérément la règle sacrée de la lecture du Tarot, ils libèrent sans le savoir un mal indicible emprisonné dans les cartes maudites.",Les Cartes Du Mal,https://www.imdb.com/title/tt14088510/?ref_=rlm,,08-05-2024
,,"Fatima Adoum, Mariama Gueye, Corinne Masiero, Salimata Kamate, Kool Shen, Marie-Sohna Condé, Maïmouna Gueye, Lucie Charles-Alfred, Abdallah Charki",,France,,tt27722491,,,,,87,,"Albertine Productions, Prima Vista","Nothing had prepared Eva for the demands of a large hotel. When she joined the team of chambermaids, she met colleagues with strong personalities: Safietou, Aissata, Violette and Simone.Between laughter and hard knocks, the young woman discovers a close-knit team united in the fa...",Petites Mains,https://www.imdb.com/title/tt27722491/?ref_=rlm,,01-05-2024
