movie_boxoffice,movie_budget,movie_cast,movie_categories,movie_countries,movie_director,movie_id,movie_imdb_metascore,movie_imdb_nb_of_ratings,movie_imdb_popularity,movie_imdb_rating,movie_length,movie_original_title,movie_poster,movie_production_companies,movie_synopsis,movie_title,movie_url,movie_us_boxoffice,release_date
,,"Daniel Berlioux, Oussem Kadri, Majida Ghomari, Véronique Frumy, Sofiane Kaddour, Timothée Vaganay, Gérard Chaillou, Farès Choua, Najla Barouni, Laurent Borel, Rachid Moura, Séverine Warneys, Léopold Bellanger, Morgane Housset, Chloe di Gregorio, Agnès Godey, Anne Sicard, Nathalie Charade","Biographique, Drame",France,Cheyenne Carron,tt29478506,,,,,108, Que Notre Joie Demeure,https://m.media-amazon.com/images/M/MV5BMmY2YmNhOTMtODA5OC00MjI3LTljMTYtYjg1YmQ0OGNkNWM1XkEyXkFqcGdeQXVyMTQ3OTY1ODAz._V1_.jpg,Hésiode Productions,"Father Jacques Hamel and Adel Kermiche, two destinies crossed for the worse. In July 2016, Adel killed Father Hamel in his church. His chaotic path, turned towards destiny, destroyed a life turned towards others and the sacred. Yet from this annihilation sprang an act of kindness...",Que Notre Joie Demeure,https://www.imdb.com/title/tt29478506/?ref_=rlm,,24-04-2024
,,"Tergel Bold-Erdene, Nomin-Erdene Ariunbyamba, Anu-Ujin Tsermaa, Bulgan Chuluunbat, Ganzorig Tsetsgee, Myagmarnaran Gombo, Tsend-Ayush Nyamsuren, Sodtuya Uuganbayar, Ulsbold Enkhbaatar, Altantsooj Enkhtuvshin, Temuujin Tsaschikher, Bolormaa Sugar, Khosbayar Dondog, Enkhbayar Dambasuren, Azzaya Munkhuu, Batbayar Shagdarjav, Turbold Tumurbaatar, Ankhbaatar Bud",Drame,"Qatar, Allemagne, Pays-Bas, Portugal, Mongolie, France",Lkhagvadulam Purev-Ochir,tt27816866,,140,,6.9,104, Ser Ser Salhi,,"27 Films Production, Aurora Films, Guru Media","Ze, a 17-year-old, studies hard at school to succeed in the cold, callous society of modern Mongolia. When Ze encounters Maralaa, his senses are awakened and another reality seems possible.",Un Jeune Chaman,https://www.imdb.com/title/tt27816866/?ref_=rlm,,24-04-2024
114426978,100000000,"Paul Rudd, Carrie Coon, Finn Wolfhard, Mckenna Grace, Kumail Nanjiani, Patton Oswalt, ""Celeste OConnor"", Logan Kim, Emily Alyn Lind, James Acaster, Bill Murray, Dan Aykroyd, Ernie Hudson, Annie Potts, William Atherton, Shelley Williams, Chris Tummings, John Rothman","Aventure, Comédie, Fantastique","États-Unis, Canada, Royaume-Uni",Gil Kenan,tt21235248,46,20000,4,6.5,115, Ghostbusters: Frozen Empire,https://m.media-amazon.com/images/M/MV5BNGE5MWJmZWYtN2ZlMi00ZjY1LTlhYTUtMzQ2Y2IxZWQyYTA2XkEyXkFqcGdeQXVyMTUzMTg2ODkz._V1_.jpg,"Columbia Pictures, BRON Studios, Ghostcorps","Lorsque la découverte d'un ancien artefact libère une force maléfique, les anciens et les nouveaux S.O.S. Fantômes doivent unir leurs forces pour protéger leur maison et sauver le monde d'une seconde ère glaciaire.",S.O.S. Fantômes: La Menace De Glace,https://www.imdb.com/title/tt21235248/?ref_=rlm,79863665,10-04-2024
,,"Ido Tako, Mika Reiss, Efrat Ben Tzur, Tikva Dayan, Shmulik Cohen, Yariv Horowitz, Seif Nabul, Mushy Vider","Drame, Thriller, Guerre",Israël,Dani Rosenberg,tt27817584,,98,,6.8,105, The Vanishing Soldier,https://m.media-amazon.com/images/M/MV5BNGQ1YzFiYWUtNjIwMC00MzdkLThmMjctZDhkYmExODAzMTNmXkEyXkFqcGdeQXVyMTIxMTAzNzU4._V1_.jpg,"Israel Film Fund, United Channel Movies",Eighteen-year-old Israeli soldier flees back to his girlfriend in Tel Aviv only to discover that the military elite is convinced he was kidnapped in the fog of war.,Le Déserteur,https://www.imdb.com/title/tt27817584/?ref_=rlm,,24-04-2024
,,"Noée Abita, Anders Danielsen Lie, Alexis Neises, François Morel, Louise Chevillotte, Saadia Bentaïeb, Chad Chenouga, Sonia Bendhaou, Andranic Manet, Valérie Trajanovski, Hugo Hamdad, Valérie Dashwood, Dan Herzberg, Guilhem Amesland, Estelle Meyer, Omar Mebrouk, Baptiste Fache, Eloïse Valli",Drame,France,Victoria Musiedlak,tt26218928,,32,,6.0,98,,,"Ligne 2, France 2 Cinéma, Canal+",An inexperienced criminal defense lawyer is charged with the case of a teenage boy accused of murdering a neighbor.,Première Affaire,https://www.imdb.com/title/tt26218928/?ref_=rlm,,24-04-2024
,,"Elsa Mala, Albina Krasniqi, Don Shala, Aurora Ferati, Gani Rrahmani, Urate Shabani, Armend Smajli, Tristan Halilaj",Drame,"France, Kosovo",Luàna Bajrami,tt28495781,,31,,7.3,94, Bota Jonë,,,"Zoé and Volta set off from their isolated home village to attend university in Pristina. In the midst of social and political unrest, the two women discover a country in turmoil, searching for its identity on the brink of independence.",Notre Monde,https://www.imdb.com/title/tt28495781/?ref_=rlm,,24-04-2024
28628,,"Paul Eyam Nzie Okpokam, Mike Slye, Elaine Featherstone, Lothario Lotho, James Earl Garrison, Ann Scofield, Shermane Powell, Jack Nance, David Schickele, Donna Michelson, Timothy Near, Patrick Gleeson, David Major, Curtis Branch, Florence Schwartz, John Dotson",Drame,États-Unis,David Schickele,tt0212016,,44,,7.7,73,,https://m.media-amazon.com/images/M/MV5BM2E0MmNjMWItODMwNi00YzVlLWE3N2QtMmU5N2I5YTg3NDgzXkEyXkFqcGdeQXVyNTM0NTU5Mg@@._V1_.jpg,"American Film Institute (AFI), Bushman Co.","In 1968's tumult, a Nigerian student in San Francisco experiences clashing cultures and elucidates society's ineptitude at living humanely.",Bushman,https://www.imdb.com/title/tt0212016/?ref_=rlm,28628,24-04-2024
,,"Zendaya, Mike Faist, ""Josh OConnor"", Darnell Appling, Bryan Doo, Shane T Harris, Nada Despotovich, Joan Mcshane, Chris Fowler, Mary Joe Fernandez, A.J. Lister, Connor Aulson, Doria Bramante, Christine Dye, James Sylva, Kenneth A. Osherow, Kevin Collins, Burgess Byrd","Drame, Romantique, Sport",États-Unis,Luca Guadagnino,tt16426418,,,57,,131,,https://m.media-amazon.com/images/M/MV5BNTk1MTdmYzctNzlkOS00ZTNmLWI4ZTMtMzc3OWFkMDI0MTJkXkEyXkFqcGdeQXVyMTkxNjUyNQ@@._V1_.jpg,"Metro-Goldwyn-Mayer (MGM), Pascal Pictures","Suit trois joueurs qui se sont connus lorsqu'ils étaient adolescents, alors qu'ils participent à un tournoi de tennis pour devenir le célèbre vainqueur du grand chelem, et qu'ils ravivent de vieilles rivalités sur le court et en dehors.",Challengers,https://www.imdb.com/title/tt16426418/?ref_=rlm,,24-04-2024
,,"Virginie Ledoyen, Paul Hamy, Sandrine Bonnaire, Francis Renaud, Malik Zidi, Cameron Bain, Lya Oussadit-Lessert, Chloé Coulloud, Christophe Favre, Emmanuel Lanzi, Emmanuel Bonami, Elisabeth Duda, Maxime Nieto, Jeremy Margallé, Audrey Golay, Antoine Levannier, Stéphane Dausse, Wendy Grenier","Horreur, Thriller",France,"Alexandre Bustillo, Julien Maury",tt28821588,,65,3696,6.3,108,,https://m.media-amazon.com/images/M/MV5BYWE0ZWViYWUtODlhNy00NWJjLThjYWMtMjlmM2RmMGVhOTQyXkEyXkFqcGdeQXVyMDc5ODIzMw@@._V1_.jpg,"Phase 4 Productions, Place du Marché Productions, Umedia","Le gendarme Franck de Rolan est à la recherche de 3 enfants kidnappés. Son enquête le conduit dans un chalet où a eu lieu un double meurtre. Il fait équipe avec Elisabeth Guardiano, policière diligentée pour mener l'enquête criminelle.",Le Mangeur D'Âmes,https://www.imdb.com/title/tt28821588/?ref_=rlm,,24-04-2024
,,"Marisa Abela, Eddie Marsan, ""Jack OConnell"", Lesley Manville, Juliet Cowan, Bronson Webb, Harley Bird, Ansu Kabia, Sam Buchanan, Amrou Al-Kadhi, Matilda Thorpe, Daniel Fearn, Pierre Bergman, Pete Lee-Wilson, Tim Treloar, Michael S. Siegel, Colin Mace, Christos Lawton","Biographique, Drame, Musical","France, Royaume-Uni, États-Unis",Sam Taylor-Johnson,tt21261712,,,180,,122,,https://m.media-amazon.com/images/M/MV5BZjg5Y2I5ZjItMmY3Zi00ZjkxLWJlMTAtNDUwZDE5NTk0MGRjXkEyXkFqcGdeQXVyMTY3ODkyNDkz._V1_.jpg,"StudioCanal UK, Monumental Pictures, Canal+","Il retrace la vie et la musique d'Amy Winehouse, de l'adolescence à l'âge adulte, et la création de l'un des albums les plus vendus de notre époque.",Back To Black,https://www.imdb.com/title/tt21261712/?ref_=rlm,,24-04-2024
18631,,"Adonis Sklavenas, Adriana Teplytska, Aggelos Georgiadis, Alexandros Sotiriou, Alia Shawkat, Anastasia Chaldaiou, Anastasia Drakou, Makiko Yamaguchi, Anastasia Roditi, Anna Papaspati, Anthony Cornaga, Antonia Orfanou, Argiris Georgalas, Brenda Kirmis, David Rawstron, Christina Chatzimarinaki, Agni Politaki, Elvis Allarai",Drame,"États-Unis, Grèce, France, Royaume-Uni",Anthony Chen,tt20415224,60,343,1514,6.2,93,,https://m.media-amazon.com/images/M/MV5BZWVhOWJjMTQtOWFmMy00MzkyLTkyZjgtMWNiODcwMzhlODNmXkEyXkFqcGdeQXVyMTkxNjUyNQ@@._V1_.jpg,"Aim Media, British Film Institute (BFI), Cor Cordium",Jacqueline escapes her war-torn country to a Greek island. She meets an unmoored tour guide and the two become close as they each find hope in the other.,Drift,https://www.imdb.com/title/tt20415224/?ref_=rlm,10077,24-04-2024
,,"Ben Schwartz, ""Colleen OShaughnessey"", Idris Elba, Cristo Fernández, Tika Sumpter, Tom Butler, James Marsden, Alyla Browne, Jim Carrey, Lee Majdoub, Sofia Pernas, Krysten Ritter, James Wolk, Jorma Taccone, Tony McCarthy, Andy M Milligan, Nathan Hall, Alfredo Tavares","Action, Aventure, Comédie","États-Unis, Japon",Jeff Fowler,tt18259086,,,555,,, Sonic The Hedgehog 3,https://m.media-amazon.com/images/M/MV5BNTQ5NWIwNDgtZmQ5Mi00Y2E1LTgxZDItNDlhOTk0MWZmNTEyXkEyXkFqcGdeQXVyMTI5MzM4NzA5._V1_.jpg,"Paramount Pictures, Sega Sammy Group, Original Film","Sonic, Tails et Knuckles affronteront le Dr. Eggman avant qu'il ne conquière le monde. Eggman aura un nouvel allié (Project Shadow).","Sonic 3, Le Film",https://www.imdb.com/title/tt18259086/?ref_=rlm,,18-12-2024
,,"Juliette Dutent, Anthony Moudir",Drame,France,Bruno Mercier,tt27310416,,13,,5.0,86,,https://m.media-amazon.com/images/M/MV5BMzZkZTFmYjAtOGQ0NC00MmExLWFiYzAtOTZjYjNiM2E4MWE5XkEyXkFqcGdeQXVyMjM4ODQ3Nzc@._V1_.jpg,Les Mûres Sauvages,"Louison devours life at both ends. Bipolar, she often attacks Orso who is madly in love with her. He knows that all this will end badly, but he wants to believe it. The day Louison disappears, everything collapses. Distraught, Orso calls Mara, Louison''s twin sister. Their relati...",Orso,https://www.imdb.com/title/tt27310416/?ref_=rlm,,17-04-2024
,,,Documentaire,"France, Pologne",,tt30877435,,,,,,,,"Chaz Productions, Madants, Bord Cadre Films","He goes by the names of Alexandre, Ricardo or Daniel. He calls himself a surgeon or an engineer, Argentinean or Brazilian. He lives with four women at the same time, adapting his story and even his personality traits to each one. A first-person investigation with the help of a pr...",L'Homme Aux Mille Visages,https://www.imdb.com/title/tt30877435/?ref_=rlm,,17-04-2024
,,"Hugo Becker, Etienne Guillou-Kervern, Ibrahima Ba, Ahmed Sylla, Hakim Jemili",Comédie,France,Ludovic Bernard,tt27722530,,,,,, Ici Et Là Bas,https://m.media-amazon.com/images/M/MV5BOTFjMTQxNmItMGEyZS00Y2RjLThlMDUtMGE2ODIyOGU2ZDZmXkEyXkFqcGdeQXVyNjc2MjgxNzg@._V1_.jpg,Prelude,"Un problème de visa oblige Adrien à revenir à Paris après 15 ans passés au Sénégal avec sa femme Aminata. Son cousin Sékou, éloigné de ses origines sénégalaises, l'héberge.",Ici Et Là-Bas,https://www.imdb.com/title/tt27722530/?ref_=rlm,,17-04-2024
,,"Rachel Zegler, Gal Gadot, Andrew Burnap, Ansu Kabia, Luisa Guerreiro, Colin Michael Carmichael, Eddison Burch, Leon Ung, Dean Nolan, Dujonna Gift, Emilia Faucher, Joshmaine Joseph, Kathryn Akin, Gabriela Garcia, Kat Collings, Jon-Scott Clark, Alison Eager, Charlotte Scally","Aventure, Drame, Famille","États-Unis, Italie, Royaume-Uni",Marc Webb,tt6208148,,,1441,,, Snow White,https://m.media-amazon.com/images/M/MV5BOTU5ZDZmNDMtMGQ5Mi00OTBmLWI2YTctNDQ0NjIyYWRmZTZiXkEyXkFqcGdeQXVyMTUzMTg2ODkz._V1_.jpg,"Marc Platt Productions, The Walt Disney Company, Walt Disney Pictures","Adaptation en prise de vue réelle du film d'animation Disney de 1937 ""Blanche-Neige et les sept nains"".",Blanche-Neige,https://www.imdb.com/title/tt6208148/?ref_=rlm,,20-03-2025
,,"Nabil Atif, Mehdi Azekri, Rafik Boubker, Driss Chalouh, Soukaina Darabil, Amal El Atrache, Salwa Zahrane",Policier,Maroc,Rabii Chajid,tt27684533,,,,,90,,https://m.media-amazon.com/images/M/MV5BYzk0ZjU4YjYtYTExNy00MzRmLTljYWMtNzc3OWQ3NWYzNTVkXkEyXkFqcGdeQXVyMTE0MDc0NTAx._V1_.jpg,Cineland,"The events of the film revolve around Halim and Mounir who accidentally come across a magic notebook. One night, unaware of the powers of this notebook, Halim, on a whim and after being rejected by the bodyguards of a big city club, expresses his anger by writing a wish on the no...",Jouj,https://www.imdb.com/title/tt27684533/?ref_=rlm,,17-04-2024
,150000000,"Mark Ruffalo, Robert Pattinson, Toni Collette, Steven Yeun, Thomas Turgoose, Naomi Ackie, Patsy Ferran, Daniel Henshall, Steve Park, Chelsea Li, Spike White, Stuart Whelan, Liam Edwards, Sam Woodhams, Jamila Wingett, Michael Monroe, Tom Cawte, Johnny Li Gotti","Aventure, Drame, Science-fiction","États-Unis, Royaume-Uni",Bong Joon Ho,tt12299608,,,2873,,139,,,"Kate Street Picture Company, Offscreen, Plan B Entertainment","Pour éviter que Mickey8, son clone de remplacement, ne prenne sa place, Mickey7, un robot appelé ""sacrifiable"", est envoyé sur une planète froide pour la coloniser.",Mickey 17,https://www.imdb.com/title/tt12299608/?ref_=rlm,,29-01-2025
106,,"Trien de Haan-Zwagerman, Lola Sylman, Nadine Hwang, Sylvie Bianchi, Christian, Nelly Mousset Vos, Joan Schenkar, Natalie Clifford Barney, Jack, Raymond, Anne Bianchi, José Rafael Lovera, Maria Alexandra Lovera, Choumi, Maria Kurowska, Elsie Ragusin, ""Mary OShaughnessy"", Irene Krausz-Fainman","Documentaire, Historique, Guerre","Suède, Belgique, Norvège",Magnus Gertten,tt17074508,72,409,,7.2,92,,https://m.media-amazon.com/images/M/MV5BNzhlMTNiMDYtNDMxNS00NDAzLThjZWEtYTAxMmVmZWRjZmZiXkEyXkFqcGdeQXVyMjQ3MTMzNDU@._V1_.jpg,"Auto Images AB, Malmö, Associate Directors, UpNorth Film","Une histoire d'amour entre deux femmes qui tombent amoureuses la veille de Noël 1944, dans le camp de concentration de Ravensbrück. Pendant de nombreuses années, leur relation est restée secrète.",Nelly & Nadine,https://www.imdb.com/title/tt17074508/?ref_=rlm,,20-11-2024
,,"""Aulii Cravalho"", Dwayne Johnson, Alan Tudyk","Animation, Aventure, Comédie","États-Unis, Canada",David G. Derrick Jr.,tt13622970,,,886,,,,https://m.media-amazon.com/images/M/MV5BNWM2NmIxM2YtMzlhYi00NDllLTlkZjEtZWI1NDQ4ZjI0ZGQ5XkEyXkFqcGdeQXVyMDYyODA2Mw@@._V1_.jpg,"Disney Television Animation, The Walt Disney Company, Walt Disney Animation Canada",Moana et ses amis continuent d'explorer le Pacifique Sud dans cette série animée musicale.,Moana 2,https://www.imdb.com/title/tt13622970/?ref_=rlm,,10-12-2024
,,"Denzel Washington, Pedro Pascal, Paul Mescal, Connie Nielsen, Joseph Quinn, Matt Lucas, Derek Jacobi, Tim McInnerny, Fred Hechinger, May Calamawy, Peter Mensah, Lior Raz, Chidi Ajufo, Alfie Tempest, Lee Charles, Riana Duce, Chi Lewis-Parry, Mikhail Basmadjian","Action, Aventure, Drame","Royaume-Uni, États-Unis",Ridley Scott,tt9218128,,,157,,,,https://m.media-amazon.com/images/M/MV5BYTNmMzliMmYtNjEyZS00NGM3LWEzYWEtNmI3MGJjMTIzZjI4XkEyXkFqcGdeQXVyMTI3NjAxODc0._V1_.jpg,"Paramount Pictures, Scott Free Productions, Parkes/MacDonald Image Nation",La suite du film Gladiator de Ridley Scott.,Gladiator 2,https://www.imdb.com/title/tt9218128/?ref_=rlm,,20-11-2024
,,"""Ardal OHanlon"", Charlotte Friels, Sarah Aubrey, Ed Byrne, Semisi Cheekam, Erin Choy, Rupert Degas, Neil Delamere","Animation, Aventure","Allemagne, Irlande, Australie",Mark Gravas,tt28485522,,,,,86, My Freaky Family,https://m.media-amazon.com/images/M/MV5BMWQ3ODMwYmQtMWViZi00MjhiLWIyMGItZjAwYTQxMjM4MjMxXkEyXkFqcGdeQXVyNDM1ODc2NzE@._V1_.jpg,"Pop Family Entertainment, Telegael","On the cusp of her 13th birthday, Betty Flood - budding musician and magical being - just wants to be like the rest of her fabulous, but very different family, so why is her magical Mum so against it? As Betty wrestles with this, she also learns the amazing truth about her family...",Ma Famille D'Enfer,https://www.imdb.com/title/tt28485522/?ref_=rlm,,30-10-2024
,38967500,"Adèle Exarchopoulos, François Civil, Raphaël Quenard, Alain Chabat, Benoît Poelvoorde, Élodie Bouchez, Vincent Lacoste, Nicolas Wanczycki, Jean-Pascal Zadi, Anthony Bajon, Mallory Wanecque, Bastien Trouvé, Malik Frikah, Manon Jacquart, Emmanuel Dehaene, Jack Claudany, Sonia Bekam, Elias Hilali","Comédie, Drame, Comédie Musicale",France,Gilles Lellouche,tt27490099,,,,,,,https://m.media-amazon.com/images/M/MV5BMzA2YzRmNzUtZTcxMy00ZDkzLWJhNDItZDlmY2MzYTBkMDBiXkEyXkFqcGdeQXVyMTc3NDUyNTg3._V1_.jpg,"Chi-Fou-Mi Productions, StudioCanal, Trésor Films","L'histoire d'une relation improbable entre deux personnes. Une fille issue d'une famille de la classe moyenne supérieure et un garçon issu d'un milieu modeste tombent amoureux, mais s'éloignent l'un de l'autre.",L'Amour Ouf,https://www.imdb.com/title/tt27490099/?ref_=rlm,,16-10-2024
,,"Hicham Belaoudi, Lina El Arabi, Ouidad Elma, Wilfrid Grenier, Sairi Salma","Drame, Horreur",France,Abel Danan,tt30106363,,25,,7.9,,,,"Joli Rouge, Kador, Place du Marché Productions","Yara, une jeune marocaine de 25 ans venue étudier à Paris, agoraphobe elle ne sort pas, Un soir, une mystérieuse apparition vient perturber son quotidien, et l'oblige à revivre ses pires craintes, la poussant au bord de la folie.",La Damnée,https://www.imdb.com/title/tt30106363/?ref_=rlm,,09-10-2024
,28340000,"Tahar Rahim, Victor Meutelet, Soufiane Guerrab, Rupert Wynne-James, Sharon Mann, Etienne Guillou-Kervern, Bastien Bouillon, Petra Silander, Elisabeth Duda, Camille Moutawakil, Annie Mercier, Tiffany Hofstetter, Marie-Julie Baup, Laura Lieblein Adam, Anaïs Spinelli-Herry, Tigran Mekhitarian, Jérémie Petrus, Thibault Maunoury","Biographique, Drame, Musical",France,,tt26743414,,,,,,,,"Beside Productions, Kallouche Cinéma, Mandarin Films","Ce film retrace les débuts de Charles Aznavour, chanteur, auteur-compositeur et acteur franco-arménien emblématique, de zéro à la célébrité.",Monsieur Aznavour,https://www.imdb.com/title/tt26743414/?ref_=rlm,,23-10-2024
,5000,"Joshua Carter, Jace Carter, Jordyn Barnett, Christian Hernandez","Action, Aventure, Drame",États-Unis,Joshua Carter,tt30609082,,,,,,,https://m.media-amazon.com/images/M/MV5BZjkyZDZmZDYtMzRmZS00NThhLWI1MzAtNTlmNjUwZWE4NjQwXkEyXkFqcGdeQXVyMTUwNjI3NjU5._V1_.jpg,Filmbilow Pictures,"After The Crypto meets his long lost brother, Jameson finds out his brother is trying to use ultimate power to do something evil. Jameson will go on a huge adventure to find out how to stop his brother. He will have help by a few heroes.",The Crypto: Beyond,https://www.imdb.com/title/tt30609082/?ref_=rlm,,18-10-2024
,,"""Lupita Nyongo"", Pedro Pascal, ""Catherine OHara"", Bill Nighy, Stephanie Hsu, Kit Connor, Alexandra Novelle, Matt Berry, Ving Rhames, Mark Hamill","Animation, Aventure, Drame",États-Unis,Chris Sanders,tt29623480,,,1316,,,,https://m.media-amazon.com/images/M/MV5BNzg0OGUwM2UtOTJlNC00YjViLTgyN2QtNmQyYTE0NWNhZjA1XkEyXkFqcGdeQXVyMDM2NDM2MQ@@._V1_.jpg,"DreamWorks Animation, Universal Pictures","Après un naufrage, un robot intelligent appelé Roz échoue sur une île inhabitée. Pour survivre dans cet environnement hostile, Roz se lie avec les animaux de l'île et s'occupe d'un bébé oie orphelin.",The Wild Robot,https://www.imdb.com/title/tt29623480/?ref_=rlm,,09-10-2024
,,"Sara Giraudeau, Samir Guesmi, Aloïse Sauvage, Philippe Rebbot, Eva Yelmani, Justine Viotty, Jean-Philippe Buzaud, Amine Lajiri",,,,tt27811106,,,,,,,,Pyramide Productions,A young circus artist who discovers the world of professional clowns following an injury.,Sur Un Fil,https://www.imdb.com/title/tt27811106/?ref_=rlm,,06-11-2024
,,"Alexander Skarsgård, Andrea Riseborough, Kate Winslet, Andy Samberg, ""Josh OConnor"", Marion Cotillard, James Murray, Noémie Merlant, Samuel Barnett, Enrique Arce, Harriet Leitch, Zita Hanrot, Arinzé Kene, Katalin Ruzsik, Riley Neldam, Ian Dunnett Jnr, Toni Gojanovic, Anita Major","Biographique, Drame, Historique","Royaume-Uni, États-Unis",Ellen Kuras,tt5112584,59,285,1787,6.9,116, Lee,,"55 Films, Brouhaha Entertainment, Hantz Motion Pictures","L'histoire de la photographe Elizabeth 'Lee' Miller, mannequin de mode devenue correspondante de guerre acclamée pour le magazine Vogue pendant la Seconde Guerre mondiale.",Lee Miller,https://www.imdb.com/title/tt5112584/?ref_=rlm,,09-10-2024
,,"Camille Cottin, Benoît Magimel, Félix Lefebvre, Bamar Kane, Swala Emati, Bass Dhem, ""Ibrahima MBaye"", Anna Thiandoum",Drame,France,Simon Moutaïrou,tt27737203,,,,,,,,"Chi-Fou-Mi Productions, France 2 Cinéma, Les Autres Films","Île Maurice, 1759. Massamba et Mati sont esclaves dans une plantation. Une nuit, Mati s'enfuit. Madame La Victoire, chasseuse d'esclaves, est engagée pour la traquer. Massamba n'a d'autre choix que de s'évader à son tour.",Ni Chaînes Ni Maîtres,https://www.imdb.com/title/tt27737203/?ref_=rlm,,25-09-2024
,200000000,"Lady Gaga, Zazie Beetz, Catherine Keener, Joaquin Phoenix, Brendan Gleeson, Ken Leung, Steve Coogan, Gattlin Griffith, Jacob Lofland, Bill Smitrovich, Leigh Gill, Harry Lawtey, George Carroll, Tim Dillon, Sharon Washington, Mike Houston, Troy Metcalf, G.L. McQueary","Policier, Drame, Comédie Musicale",États-Unis,Todd Phillips,tt11315808,,,89,,,,https://m.media-amazon.com/images/M/MV5BMzRkNTUyMzAtZjE5My00YzkyLWEwOWUtODMwODllYjU5MTczXkEyXkFqcGdeQXVyNjMxMTE2Mjg@._V1_.jpg,"BRON Studios, Bron Creative, DC Entertainment","Suite du film ""Joker"" de 2019.",Joker: Folie À Deux,https://www.imdb.com/title/tt11315808/?ref_=rlm,,02-10-2024
,,"Gildas Adannou, Habib Ahandessi, Joséa Guedje",Documentaire,"France, Sénégal, Bénin",Mati Diop,tt31015216,85,87,,6.3,68,,https://m.media-amazon.com/images/M/MV5BYTA5ZDM1NDktYmZiZC00NWMwLTkxYzAtZmY0YzAzM2EwMTdkXkEyXkFqcGdeQXVyMjYzNTk1NTE@._V1_.jpg,"Arte France Cinéma, Fanta Sy, Les Films du Bal","Le parcours de 26 trésors royaux pillés du royaume du Dahomey exposés à Paris, en cours de restitution au Bénin. Diop exprime artistiquement les revendications d'une nouvelle génération.",Dahomey,https://www.imdb.com/title/tt31015216/?ref_=rlm,,25-09-2024
,,Pierre Niney,,France,,tt31809821,,,,,61,,,Partizan Films,,"Maya, Donne-Moi Un Titre",https://www.imdb.com/title/tt31809821/?ref_=rlm,,25-09-2024
,,"Sidse Babett Knudsen, Daniel Auteuil, Suliane Brahim, Grégory Gadebois, Alice Belaïdi, Isabelle Candelier, Florence Janas, Gaëtan Roussel, Aurore Auteuil, Nathalie Dodivers, Jean-Noël Brouté, Laurent Bozzi",Drame,France,,tt29102598,,,,,,,,"France 2 Cinéma, Zack Films, Zazi Films","A man is accused of murdering his wife. His lawyer must defend him against all odds, and especially against himself.",Le Fil,https://www.imdb.com/title/tt29102598/?ref_=rlm,,25-09-2024
,,"Vincent Cassel, Diane Kruger, Guy Pearce, Sandrine Holt, Al Sapienza, Jennifer Dale, Ingvar Sigurdsson, Elizabeth Saunders, Jeff Yung, Matt Willis, Eric Weinthal, Steve Switzman, Paddington","Horreur, Thriller","France, Canada",David Cronenberg,tt20212786,,,,,,,,"Prospero Pictures, SBS Productions, Saint Laurent","Karsh, un homme d'affaires innovant et veuf éploré, construit un dispositif permettant de communiquer avec les morts à l'intérieur d'un linceul funéraire.",The Shrouds,https://www.imdb.com/title/tt20212786/?ref_=rlm,,25-09-2024
,,"Bianca Delbravo, Dilvin Asaad, Safira Mossberg, Ida Engvoll, Mitja Siren, Marta Oldenburg, Alexander Öhrstrand",Drame,"Suède, Italie, Danemark, Finlande",Mika Gustafson,tt21874690,,312,,6.9,108, Paradiset Brinner,https://m.media-amazon.com/images/M/MV5BNzUxMWZkMzMtMmQyMy00Mjc5LTllNWEtYTMxYTI5NGExYTE1XkEyXkFqcGdeQXVyMTIxMTAzNzU4._V1_.jpg,"Hobab, IntraMovies, Toobox","Three sisters aged 7 to 16, live alone after their mother vanishes for whole swathes of time. When the social services demand a family meeting, oldest sister Laura plans to find a stand in for their mother.",Paradise Is Burning,https://www.imdb.com/title/tt21874690/?ref_=rlm,,28-08-2024
,,"James Franco, Tomer Sisley, Narayan David Hecter, Sonia Vachon, Liliya Atanasova","Action, Aventure, Thriller",,Olivier Masset-Depasse,tt23049322,,,,,,,https://m.media-amazon.com/images/M/MV5BM2I2MTIzZWQtMWEwZC00MTNhLWI5OWUtNzFlNDVlY2FmZjUzXkEyXkFqcGdeQXVyMTIyODg3MDI@._V1_.jpg,"BeTV, Canal+, Ciné+","It follows Largo Winch, who is devastated by the kidnapping of his son. He realizes that if he finds those responsible for his bankruptcy, maybe he'll see his son again.",The Price Of Money: A Largo Winch Adventure,https://www.imdb.com/title/tt23049322/?ref_=rlm,,07-08-2024
,,"Isabela Merced, Cailee Spaeny, Archie Renaux, David Jonsson, Aileen Wu, Spike Fearn","Horreur, Science-fiction","Royaume-Uni, États-Unis",Fede Alvarez,tt18412256,,,22,,,,https://m.media-amazon.com/images/M/MV5BYWI1YzdlZTUtNzExYi00MmYxLTg5OWUtNzhkMDhhOWMwM2Y5XkEyXkFqcGdeQXVyMTkxNjUyNQ@@._V1_.jpg,"20th Century Studios, Scott Free Productions, Brandywine Productions",Des jeunes d'un monde lointain doivent affronter la forme de vie la plus terrifiante de l'univers.,Alien: Romulus,https://www.imdb.com/title/tt18412256/?ref_=rlm,,14-08-2024
159618,,"Harry Einhorn, Tandin Wangchuk, Tandin Sonam, Pema Zangmo Sherpa, Tandin Phubz, Deki Lhamo, Yuphel Lhendup Selden, Kelsang Choejay, Choeying Jatsho","Comédie, Drame","Bhoutan, Taïwan, France, États-Unis, Hong Kong",Pawo Choyning Dorji,tt15560314,74,11000,2985,7.3,107, The Monk And The Gun,https://m.media-amazon.com/images/M/MV5BZTNmNDIyOTQtMjkxMy00MzEwLWExODktODZiN2RkNTYzNWQxXkEyXkFqcGdeQXVyNzMzOTQ0ODM@._V1_.jpg,"Dangphu Dingphu: A 3 Pigs Production, CNC Aide aux cinémas du monde - Institut Français, Closer Media","Un Américain se rend au Bhoutan à la recherche d'un fusil antique de grande valeur et croise le chemin d'un jeune moine qui erre dans les montagnes sereines, chargé par son maître de remettre les choses en ordre.",Le Moine Et Le Fusil,https://www.imdb.com/title/tt15560314/?ref_=rlm,156124,07-08-2024
,,"Ilai Swindells, Samara Weaving, Akmal Saleh",Animation,Australie,Alexs Stadermann,tt27722575,,,,,85, 200% Wolf,,Flying Bark Productions,A heroic poodle who is struggling to maintain the respect of his werewolf pack. When a wayward wish transforms him into a werewolf and despots a mischievous fairy on earth,200 % Loup,https://www.imdb.com/title/tt27722575/?ref_=rlm,,25-09-2024
,,"Jackie Chan, Ming-Na Wen, Joshua Jackson, Ralph Macchio, Sadie Stanley, Wyatt Oleff, Aramis Knight, Ben Wang","Action, Drame, Famille",États-Unis,Jonathan Entwistle,tt1674782,,,2726,,, Untitled Karate Kid Movie,https://m.media-amazon.com/images/M/MV5BNjZiZGNiZTUtODI4Yi00ZjlhLTgwNzMtNGU3NmQ3NGMwZjIxXkEyXkFqcGdeQXVyNDM1Nzc0MTI@._V1_.jpg,"Columbia Pictures, Jerry Weintraub Productions, Sony Pictures Releasing",Plot under wraps.,Karate Kid,https://www.imdb.com/title/tt1674782/?ref_=rlm,,18-12-2024
,,"Jack Black, Ariana Greenblatt, Cate Blanchett, Jamie Lee Curtis, Gina Gershon, Haley Bennett, Kevin Hart, Edgar Ramírez, Paula Andrea Placido, Bobby Lee, Janina Gavankar, Cheyenne Jackson, Olivier Richters, Florian Munteanu, Benjamin Byron Davis, Steven Boyer, Ryann Redmond, Charles Babalola","Action, Aventure, Comédie",États-Unis,Eli Roth,tt4978420,,,284,,102,,https://m.media-amazon.com/images/M/MV5BOWZmOTM5YmMtNjliMi00OGRkLWIwNGUtNDI2NTE3NzZmMDdmXkEyXkFqcGdeQXVyMTUzMTg2ODkz._V1_.jpg,"Lionsgate Films, Media Capital Technologies, Arad Productions",Un long métrage basé sur le jeu vidéo populaire qui se déroule sur la planète fictive abandonnée de Pandora où les gens recherchent une relique mystérieuse.,Borderlands,https://www.imdb.com/title/tt4978420/?ref_=rlm,,07-08-2024
3080591,,"Jimmy O. Yang, J.K. Simmons, Chloe Bennet, Lisa Lu, Sharon Horgan, Catherine Tate, John Cleese, Nick Heath, Naomi McDonald, Rebecca Yeo, Raza Jaffrey, Alexander Rodriguez, Kerry Shale","Animation, Comédie, Famille","États-Unis, Royaume-Uni, Émirats arabes unis",Ross Venokur,tt8417168,,812,,5.2,93, The Silk Road Rally,https://m.media-amazon.com/images/M/MV5BMWMzNjgwY2UtODNmYS00ODk5LWI0MGYtZTM1MTYyNzQzNmYyXkEyXkFqcGdeQXVyMjMwODE4ODI@._V1_.jpg,"Riverstone Pictures, Kintop Pictures, Vanguard Films and Animation",Les coureurs s'affrontent dans un rallye aux enjeux élevés le long de la célèbre route commerciale de la soie.,Les Rois Du Rallye,https://www.imdb.com/title/tt8417168/?ref_=rlm,744169,31-07-2024
163602,,"Harrison Evans, Sylvester Groth, Shirley Henderson, Alice Henley, Jonathan Livingstone, Emily McCormick, Kwaku Mills, Anne Reid, Amber Rose Revah, David Schaal, Rufus Sewell, Alan Tudyk, Indira Varma, Olivia Williams",Comédie,Royaume-Uni,Matt Winn,tt15507128,,163,4794,6.1,89,,https://m.media-amazon.com/images/M/MV5BNWZlNjIyOWQtNDVlMS00MzEyLWI3MWUtMDE3NTRhNTQ1NjRkXkEyXkFqcGdeQXVyMTk4Mzk1NTE@._V1_.jpg,"Bright Pictures, Relevate Ventures, Yes Repeat No","Sarah and Tom are in deep financial trouble. Their situation takes a terrifying nosedive with the shocking behavior of uninvited dinner guest, Jessica.",The Trouble With Jessica,https://www.imdb.com/title/tt15507128/?ref_=rlm,,17-07-2024
,,"Ryan Reynolds, Hugh Jackman, Emma Corrin, Morena Baccarin, Rob Delaney, Karan Soni, Leslie Uggams, Matthew Macfadyen, Josh Brolin, Jennifer Garner, Brianna Hildebrand, Patrick Stewart, Shioli Kutsuna, Aaron Stanford, Lewis Tan, Stefan Kapicic, Tony McCarthy, Terence Hughes","Action, Comédie, Science-fiction","États-Unis, Chine",Shawn Levy,tt6263850,,,86,,,,https://m.media-amazon.com/images/M/MV5BMGI0ZDg3Y2EtYzIyYi00MGYwLThlOGItNWQ5MjMxNDU2ODUzXkEyXkFqcGdeQXVyMTEwMTcxOTAx._V1_.jpg,"Marvel Studios, 20th Century Studios, 21 Laps Entertainment","Le film est prétendu impliquer un autre group dans la mythe des X-Men, au nom de X-Force.",Deadpool & Wolverine,https://www.imdb.com/title/tt6263850/?ref_=rlm,,24-07-2024
,27250000,"Manu Payet, Clara Luciani, Jérôme Niel, Kyan Khojandi, Akil Wingate","Animation, Aventure, Famille","France, Canada","Philippe Duchene, Cuvelier Jean-Baptiste",tt17494412,,,,,,,,"2 Minutes Animation, Caramel Films, PM SA","At the heart of an imaginary world populated by fantastical creatures and dangerous monsters, the 13 year-old Zak goes in search of his twin brother Kyle, who has disappeared mysteriously. Equipped with a magical jade stone whose superpowers he doesn't yet know how to control, he...","Zak & Wowo, La Légende De Lendarys",https://www.imdb.com/title/tt17494412/?ref_=rlm,,10-07-2024
,,"Roschdy Zem, Laëtitia Eïdo, Jeanne Michel, Dimitri Storoge, Frédéric Maranber, Aguibou Ba, Leonid Glushchenko, Sherwan Haji, Nabil Elouahabi, Murat Subasi, Randa Berrouba-Tani",Action,,Florent-Emilio Siri,tt28336131,,,,,,,,"France 2 Cinéma, Orange Studio, Récifilms",A former Special Forces soldier who has become solitary and paranoid since serving Afghanistan and recruited to provide the security for Amina and her daughter Nour.,Elyas,https://www.imdb.com/title/tt28336131/?ref_=rlm,,03-07-2024
141360,,"Leonardo Sbaraglia, Lali Espósito, Julieta Zylberberg, Marcelo Subiotto, Luis Ziembrowski, Andrea Frigerio, Cristina Banegas, Camila Peralta, Alejandra Flechner, Héctor Bidonde, Damián Dreizik, Juan Luppi, Liliana Juárez, Gaspar Offenhenden, Zulema Galperín, Teresa Calandra, Mara Bestelli, Aldo Onofri","Comédie, Drame","Argentine, Italie, Allemagne, France, Brésil","María Alché, Benjamín Naishtat",tt13866866,,543,,6.9,109, Puan,https://m.media-amazon.com/images/M/MV5BYWIxOWJhNzktOGQxMC00MWVjLTliYmUtMGQyYjVlZDliMzBiXkEyXkFqcGdeQXVyMTU3NDU4MDg2._V1_.jpg,"Atelier de Production, Bubbles Project, Infinity Hill","At the University of Buenos Aires, a rivalry arises between two Philosophy teachers for a professorship position.",El Profesor,https://www.imdb.com/title/tt13866866/?ref_=rlm,,03-07-2024
,,"Luke Evans, Sung Kang, Gwei Lun-Mei, Virginia Chien, Wyatt Yang","Action, Thriller",,,tt28142896,,,,,,,,EuropaCorp,Plot under wraps,Weekend Escape Project,https://www.imdb.com/title/tt28142896/?ref_=rlm,,21-08-2024
,,"Megan Northam, Dimitri Doré, Sébastien Pouderoux, Catherine Salée, Sam Louwyck, Roman Williams, Sofia Lesaffre, Nicolas Avinée, Yoann Thibaut Mathias, Arcadi Radeff, Sabine Timoteo, Marie Bray, Christian Bouillette","Aventure, Drame, Science-fiction",France,Jérémy Clapin,tt21247132,,58,,6.6,89,,https://m.media-amazon.com/images/M/MV5BMDhjM2IzNTgtYTA5Ny00ZGIwLWE3MjgtNzA5MDU0MmFhNWFlXkEyXkFqcGdeQXVyMTE5NTM5NTU5._V1_.jpg,"Auvergne Rhône-Alpes Cinéma, Carcadice, France 3 Cinéma","Elsa, 23 ans, n'arrive pas à faire le deuil de son frère aîné, disparu au cours d'une mission spatiale. Un jour, elle est contactée par une forme de vie inconnue qui prétend pouvoir le ramener sur Terre. Mais il y a un prix à payer.",Pendant Ce Temps Sur Terre,https://www.imdb.com/title/tt21247132/?ref_=rlm,,03-07-2024
,,"Chris Pratt, Samuel L. Jackson, Hannah Waddingham, Ving Rhames, Nicholas Hoult, Cecily Strong, Harvey Guillén, Brett Goldstein, Bowen Yang, Snoop Dogg, Dev Joshi, Lynsey Murrell, Luke Cinque-White, Alicia Grace Turrell","Animation, Aventure, Comédie","Royaume-Uni, États-Unis",Mark Dindal,tt5779228,,,486,,, The Garfield Movie,https://m.media-amazon.com/images/M/MV5BNGQ2MTc1MGUtNTIxZS00ZmIwLTkyYWUtMzViM2U5NmEyOWE2XkEyXkFqcGdeQXVyMDA4NzMyOA@@._V1_.jpg,"Alcon Entertainment, Columbia Pictures, Double Negative (DNEG)",Garfield s'apprête à vivre une aventure sauvage en plein air. Après des retrouvailles inattendues avec son père disparu depuis longtemps - le chat Vic - Garfield et Odie sont contraints d'abandonner leur vie choyée pour rejoindre Vic.,Garfield : Héros Malgré Lui,https://www.imdb.com/title/tt5779228/?ref_=rlm,,17-07-2024
,,"Kader Affak, Souad Arsane, Mostefa Djadjam, Magdalena Laubisch, Hamza Meziani, Karina Testa, Abbes Zahmani",Drame,France,Karim Bensalah,tt31121075,,,,,96, Six Feet Over,https://m.media-amazon.com/images/M/MV5BNDQzMTM0NTAtMWYxZS00MWQ1LWI0NTItYTgxYTcwOWExOTcxXkEyXkFqcGdeQXVyNjM5ODMxODM@._V1_.jpg,"Les Films du Bilboquet, Tact Productions","Son of a former Algerian diplomat Sofiane lived his entire life to this point abroad. Now a student in Lyon, he is the victim of an administrative decision and is living under the threat of expulsion. In the hope of legalizing his situation, he decides to work temporarily for Mus...",Six Pieds Sur Terre,https://www.imdb.com/title/tt31121075/?ref_=rlm,,19-06-2024
,46870000,"Pierre Niney, Anaïs Demoustier, Pierfrancesco Favino, Laurent Lafitte, Oscar Lesage, Anamaria Vartolomei, Vassili Schneider, Julien De Saint Jean, Bastien Bouillon, Patrick Mille, Abde Maziane, Bruno Raffaelli, Olivier Le Montagner, Kurt Laferla, Axel Baille, Françoise Gazio, Jonathan Balzan, Mark Cassar","Action, Aventure, Drame",France,"Alexandre de La Patellière, Matthieu Delaporte",tt26446278,,,,,,,https://m.media-amazon.com/images/M/MV5BODMwZWQ0MDgtMDg4MC00MTEyLTk1YmItMzFiYTBjZDcwNWFiXkEyXkFqcGdeQXVyMTMxMjkyMDY@._V1_.jpg,"Chapter 2, Fargo Films, M6 Films",Une nouvelle adaptation du célèbre roman d'Alexandre Dumas.,Le Comte De Monte-Cristo,https://www.imdb.com/title/tt26446278/?ref_=rlm,,28-06-2024
24520,,"Shin Seok-ho, Ha Seong-guk, Kim Seung-yun, Kim Min-hee",Drame,Corée du Sud,Hong Sang-soo,tt26448971,,305,,6.3,61, Mul-An-E-Seo,https://m.media-amazon.com/images/M/MV5BNWRhYTMzMjAtY2RlNy00NDU0LWJkZDItYjRkYTAzYjFkM2M0XkEyXkFqcGdeQXVyMTg5MDEyNw@@._V1_.jpg,Jeonwonsa Film,"A young actor explores the surroundings, waits for the right light to emerge and watches the horizon from the coast.",In Water,https://www.imdb.com/title/tt26448971/?ref_=rlm,,26-06-2024
,,"Minami Takayama, Rikiya Koyama, Wakana Yamazaki","Animation, Mystère, Romantique",Japon,Chika Nagaoka,tt31474158,,,,,90, Meitantei Konan Hyakuman Doru No Michishirube,https://m.media-amazon.com/images/M/MV5BOTBhOTlkNDctMDg1Zi00MGViLWJhMTUtMTU1OWEyYTUzZjdhXkEyXkFqcGdeQXVyNzAwMjU2MTY@._V1_.jpg,TMS Entertainment,,Détective Conan: L'Étoile À 1 Million De Dollars,https://www.imdb.com/title/tt31474158/?ref_=rlm,,19-06-2024
,,"Yorgos Tsiantoulas, Andreas Labropoulos, Roubini Vasilakopoulou, Nikolaos Mihas, Vasilis Tsigristaris, Jacques Simha, Lena Giaka",Comédie,Grèce,Zacharias Mavroeidis,tt27139897,,102,,7.4,106, To Kalokairi Tis Karmen,https://m.media-amazon.com/images/M/MV5BYjVjYTc4ZjYtMmQ1Zi00NDM2LTgwOWUtMTIzNTRjZmVhY2U1XkEyXkFqcGdeQXVyNzg5OTk2OA@@._V1_.jpg,"Argonauts Productions S.A., Atalante Productions S.A., Ekome","While having a day-long swim at Athens' queer beach, best friends Demos and Nikitas recall the events of a recent summer in the prospect of turning them into a screenplay for Nikitas' feature debut.",The Summer With Carmen,https://www.imdb.com/title/tt27139897/?ref_=rlm,,19-06-2024
,,"Mathias Legout Hammond, Élodie Bouchez, Jean-Charles Clichet, Céleste Brunnquell, Laly Mercier, Louis Peres, Angèle Metzger, Bakary Diombera, Anne Benoît, Valérie Lemaitre, Bruno Georis, Géraldine Pochon, Mila Ruozo, Noan Lazhar, Suzon Renaud, Cédric Mazzec, Rolland Gervet, Véronique Frumy",Drame,"France, Belgique",Céline Rouzet,tt22986716,,70,,6.8,104,,,"ElianeAntoinette, Reboot Films, Altitude 100 Production","The Feral family plan to look normal and friendly as they move into a new neighborhood. Their son, Philemon gets closer to his new neighbor, Camila and his thirst for blood grows thus his difference becomes impossible to hide.",En Attendant La Nuit,https://www.imdb.com/title/tt22986716/?ref_=rlm,,12-06-2024
,,"Thomas Lemoine, Gaël Tavares, Pierre Lottin, Lionnel Astier, Melissa Izquierdo, Alain Bouzigues, Hichem Yacoubi, Meledeen Yacoubi, Benjamin Baffie, Lotfi Abdelli",Comédie,France,"Dimitri Lemoine, Thomas Lemoine",tt27487494,,,,,,,,"AuldLands Films, AuldLands Films","Mathieu, a young ambitious actor, struggles to put together his showreel. His friend Ousmane offers him a role in his rap music video, but the shoot doesn't go as planned.",La Gardav,https://www.imdb.com/title/tt27487494/?ref_=rlm,,12-06-2024
,,,Animation,Canada,Joël Vaudreuil,tt28337488,,7,,7.0,96,,https://m.media-amazon.com/images/M/MV5BZjQ0YWIwMTAtYjUzZi00YjQ4LTkzOGUtZjAyMTFlZmMxZmY1XkEyXkFqcGdeQXVyMjM1MDc4MzI@._V1_.jpg,Parce Que Films,"Adam is a 15-year-old teenager who has the strange peculiarity of having a body that changes, depending on the teasing and negative comments he receives from those around him. The accumulation of his physical changes just adds a layer to his already complex life.",Adam Change Lentement,https://www.imdb.com/title/tt28337488/?ref_=rlm,,29-05-2024
,50000000,"Bill Skarsgård, Danny Huston, FKA twigs, Laura Birn, Jordan Bolger, Karel Dobrý, Isabella Wei, David Bowles, Sami Bouajila, Dukagjin Podrimaj, Jim High, Paul A Maynard, Sebastian Orozco, Kim Girschner, Baha Chbani","Action, Policier, Fantastique","Royaume-Uni, France, États-Unis",Rupert Sanders,tt1340094,,,49,,,,https://m.media-amazon.com/images/M/MV5BNTNhOTQ3YjMtZGZhNS00NTE0LWEzZGEtYWJhOTU0ZWQ5MTg2XkEyXkFqcGdeQXVyMTkxNjUyNQ@@._V1_.jpg,"Hassell Free Productions, Davis-Films, The Electric Shadow Company","Une réimagination moderne du personnage bien-aimé, The Crow, basée sur le roman graphique original de James O'Barr.",The Crow,https://www.imdb.com/title/tt1340094/?ref_=rlm,,05-06-2024
12806,,"Alejandro Hincapié, Camilo Machado, Alejandro Mendigana, Julian David Moncada, Camilo Najar, Juan Pérez, Sharllot Zodoma, Víctor Gaviria, Theo Montoya, Julian Stevens Arias, Jonathan Leandro Cadavid, Jerónimo Rendón Deossa, Alejandro Duque, Jhonatan Solei Hernández, Tailyn Valencia, Sergio Pérez","Documentaire, Drame","Colombie, Roumanie, France, Allemagne",Theo Montoya,tt21364460,,257,,7.1,75,,https://m.media-amazon.com/images/M/MV5BOGQxOGEzM2UtNDU2Yi00NTY4LTg2M2MtNjk0N2RmYWY2ODY2XkEyXkFqcGdeQXVyMTMwNjQxNDU1._V1_.jpg,"Desvio Visual, Monogram Film, Dublin Films","A funeral car cruises the streets of Medellin, while a young director tells the story of his past in this violent and conservative city. He remembers the pre-production of his first film, a Class-B movie with ghosts.",Anhell69,https://www.imdb.com/title/tt21364460/?ref_=rlm,,29-05-2024
,,"Luke Stratte-McClure, Julien Romano, Catalina Cuevas, Constantin Leu, Charlotte Landoy, Jiahui Chou, Zita Wang, Dylan Louhoungou, Haô Ting, Ghjulia Van Muylders",Thriller,France,Sofiene Mamdi,tt27045130,,,,,92,,https://m.media-amazon.com/images/M/MV5BZjllM2FmOWQtMDNkNi00OGI0LWFlN2EtZTkzODBhYzdjZDJhXkEyXkFqcGdeQXVyMTI2MDUxMzA2._V1_.jpg,Reaficta Films,"Ce soir est la dernière chance pour Alex de changer son destin. Alors qu'il met en œuvre un plan complexe, les personnages louches et les rebondissements inattendus en font un pari périlleux et risqué.",Assemblage,https://www.imdb.com/title/tt27045130/?ref_=rlm,,29-05-2024
93854,,"Arthur, Emma Avena, Amir Baylly, ""Jenny BelAir"", La Bourette, Nathan Callot, Kori Ceballos, Liz Christin, Iris Crosnier, Naëlle Dariya, Tom Dekel, Clara Deshayes, Virginie Despentes, Eleonore, Castiel Emery, Le Filip, Pierre et Gilles, Noam Iroual",Documentaire,France,Paul B. Preciado,tt26448981,86,391,,7.1,98,,https://m.media-amazon.com/images/M/MV5BZTAyZjIzZmEtYjY4Ni00YmRiLWJlODctOTc0OGQ5MDI1ZThmXkEyXkFqcGdeQXVyMTY3ODkyNDkz._V1_.jpg,"24 Images, ARTE, Les Films du Poisson","La politique nous montre que le changement n'est plus seulement une question de genre, mais aussi de poésie, d'amour et de couleur de peau.","Orlando, Ma Biographie Politique",https://www.imdb.com/title/tt26448981/?ref_=rlm,37461,05-06-2024
,,"Dakota Fanning, Olwen Fouéré, Georgina Campbell, Siobhan Hewlett, Alistair Brammer, Hannah Howland, ""Shane ORegan"", Oliver Finnegan, Seán T. Ó Meallaigh, Anthony Morris, Charles Camrose, Jim Tighe, Kya Brame, Hannah Dargan, Eabha Connolly, Emily Dargan, Adam Ashford, Diarmuid de Faoite","Fantastique, Horreur, Mystère",États-Unis,Ishana Shyamalan,tt26736843,,,746,,, The Watchers,https://m.media-amazon.com/images/M/MV5BOTE5ZTY3NzktYmVkNS00NzRhLWI3YzUtNTA3MDVkYmIzMGVmXkEyXkFqcGdeQXVyMjYwNDA2MDE@._V1_.jpg,"Blinding Edge Pictures, Inimitable Pictures, New Line Cinema","Mina, une artiste de 28 ans, se retrouve bloquée dans une vaste forêt immaculée de l'ouest de l'Irlande. Après avoir trouvé un abri, elle se retrouve piégée avec trois étrangers, traqués chaque nuit par de mystérieuses créatures.",Les Guetteurs,https://www.imdb.com/title/tt26736843/?ref_=rlm,,05-06-2024
62981,,"Yang Jae-seong, Kim Seo-hyeong, Mi-won Won, Shin Yun-sook","Policier, Drame, Thriller",Corée du Sud,Lee Sol-hui,tt22489882,,74,,6.6,100,,https://m.media-amazon.com/images/M/MV5BY2E2M2I5YzUtNGYwOC00YzNlLWI5NWUtNTY3YzI0MTNhYzEyXkEyXkFqcGdeQXVyMTE5NTM5NTU5._V1_.jpg,KAFA Films,"A divorced mother works as a caregiver while living in a converted greenhouse, striving to earn enough to move with her middle school son into a real home.",Greenhouse,https://www.imdb.com/title/tt22489882/?ref_=rlm,,29-05-2024
,13124000,"Denis Ménochet, Kacey Rohl, K.C. Collins, Jhaleil Swaby, Laurent Lemaire, Michaëna Benoit, Melissa Toussaint, Pascal Tshilambo, Veronique Verhoeven, Kemware Heru Nethier, Chip Chuipka, Peter Bryant, Philippe Lavalette, Sara Montpetit, Robin T. Rose, Elizabeth Eveillard, Gytana Theobrun, Gillian Doria",Drame,Canada,Anaïs Barbeau-Lavalette,tt18350136,,193,,5.9,96,,https://m.media-amazon.com/images/M/MV5BNjZkYzE2MDYtOWQ3YS00MTI4LTkzZjItZDYwZTExYzFjZWMyXkEyXkFqcGdeQXVyMTM1MDExOTE2._V1_.jpg,Go Films,"Alors que le pays explose après l'assassinat de Martin Luther King, l'écrivain Romain Gary, humaniste et amoureux des animaux, et sa femme, la star Jean Seberg, militante des droits civiques, accueillent chez eux un chien abandonné.",Chien Blanc,https://www.imdb.com/title/tt18350136/?ref_=rlm,,22-05-2024
,,"Giancarlo Esposito, Dan Stevens, Kathryn Newton, Matthew Goode, Kevin Durand, Melissa Barrera, Angus Cloud, Alisha Weir, William Catlett","Horreur, Thriller","Irlande, États-Unis","Matt Bettinelli-Olpin, Tyler Gillett",tt27489557,,,69,,109,,https://m.media-amazon.com/images/M/MV5BY2JlYjlkNzMtNTU3OS00NDVmLTk4NTYtYTM4ZTEwMGM4NDBiXkEyXkFqcGdeQXVyMTUzMTg2ODkz._V1_.jpg,"Project X Entertainment, Radio Silence Productions, Wild Atlantic Pictures","Après avoir enlevé la fille ballerine d'un puissant personnage de la pègre, un groupe de criminels se réfugie dans un manoir isolé, ignorant qu'ils y sont enfermés avec une petite fille tout ce qu'il y a de plus normal.",Abigail,https://www.imdb.com/title/tt27489557/?ref_=rlm,,29-05-2024
,168000000,"Anya Taylor-Joy, Chris Hemsworth, Charlee Fraser, Nathan Jones, Tom Burke, Angus Sampson, Alyla Browne, Lachy Hulme, Daniel Webber, Nat Buchanan, Spencer Connelly, Goran D. Kleut, Ian Roberts, David Collins, Maleeka Gasbarri, Matuse, Rahel Romahn, Darcy Bryce","Action, Aventure, Science-fiction",Australie,George Miller,tt12037194,,,76,,, Furiosa: A Mad Max Saga,https://m.media-amazon.com/images/M/MV5BNjYxZjY3ZDAtNDc1Mi00YzMxLWI4MWEtNzQwZGExYmMzODFhXkEyXkFqcGdeQXVyNzAwMjU2MTY@._V1_.jpg,"Warner Bros., Kennedy Miller Mitchell","L'histoire de la guerrière renégate Furiosa avant qu'elle ne s'associe à Mad Max dans ""Fury Road"".",Furiosa: Une Saga Mad Max,https://www.imdb.com/title/tt12037194/?ref_=rlm,,22-05-2024
,,"Pawan Malhotra, Jayy Randhawa, Deep Sehgal",Drame,Inde,Maneesh Bhatt,tt31616101,,,,,,,https://m.media-amazon.com/images/M/MV5BNDk1NTE0MTItYmE1NS00YWY0LWJmYTktNzUzOTYyZWNjMTUwXkEyXkFqcGdeQXVyOTc2MTU2MzU@._V1_.jpg,Thind Motion Films,"Daler, whose neck fall on the right side when he's angry, His life took drastic turn when he tries to bring His Pregnant sister back home .",Je Jatt Vigad Gya,https://www.imdb.com/title/tt31616101/?ref_=rlm,,17-05-2024
,,"Handam R. Marak, Balsrame A. Sangma, Celestine K. Sangma, Torikhu A. Sangma",Drame,"Inde, Chine, Suisse, Qatar, Pays-Bas",Dominic Sangma,tt28297544,,101,,6.8,127,,https://m.media-amazon.com/images/M/MV5BNjY1NTI0MGUtM2M1Ny00MGZjLWE0Y2YtODFlMTIwM2ZjZThiXkEyXkFqcGdeQXVyMTQ3Mzk2MDg4._V1_.jpg,"Doha Film Institute, Joicy Studio, Uncombed Buddha","Since the church foretold that an 80-day apocalyptic darkness would come, a community has lived in constant fear of kidnappers. A ten-year-old youngster who is night blind has never found the village to be more frightful.",Rimdogittanga,https://www.imdb.com/title/tt28297544/?ref_=rlm,,15-05-2024
,,"Laurent Bonnet, Joel Gosset, Olivier Gourmet, Dave Johns, Brigitte Poupart, Vanessa Van Durme","Comédie, Drame","Belgique, Canada",David Lambert,tt23183578,,9,,6.9,83,,https://m.media-amazon.com/images/M/MV5BMTNlZDcxYjMtZTk3My00NTBlLTk1MTAtMjUyOTkyNTAzOTlmXkEyXkFqcGdeQXVyMTYyMDQ1OTAz._V1_.jpg,Artémis Productions,"Thom and Henri experienced the joys of gay marriage, but after 35 years together, love turned sour, and it was time for a divorce.",Les Tortues,https://www.imdb.com/title/tt23183578/?ref_=rlm,,15-05-2024
,,"Nisrin Erradi, Jalila Talemsi, Nisrine Benchara, Rayhan Guaran",Aventure,"France, Maroc",Yasmine Benkiran,tt14311482,,94,,7.4,83,,https://m.media-amazon.com/images/M/MV5BY2YzMmYyNzYtOGIzZC00NDcyLTgzNGEtY2UyYzAwNjJkNWIwXkEyXkFqcGdeQXVyMTU0NjQzMTky._V1_.jpg,"Petit Film, Deuxieme Ligne Films, KeyFilm","Casablanca, Morocco. A trio of women, with the police on their tail, embarks on a long escape that takes them across the rugged red terrain and flower-filled valleys of the Atlas to finally reach the Atlantic coast.",Queens,https://www.imdb.com/title/tt14311482/?ref_=rlm,,15-05-2024
,,"Fred Blin, Léonie Dahan-Lamort, Lilith Grasmug, Cyril Metzger, Maxime Rohart",Drame,France,Romain de Saint-Blanquat,tt26245650,,97,,6.7,90,,,Easy Tiger,A Catholic schoolgirl is convinced tonight is her last night on Earth and decides to attend a costume party with her best friend.,La Morsure,https://www.imdb.com/title/tt26245650/?ref_=rlm,,15-05-2024
1981758,,"Ezequiel Rodríguez, Demián Salomón, Silvina Sabater, Luis Ziembrowski, Marcelo Michinaux, Emilio Vodanovich, Virginia Garófalo, Paula Rubinsztein, Lucrecia Nirón Talazac, Isabel Quinteros, Desirée Salgueiro, Federico Liss, Ricardo Velázquez, Jorge Prado, Diego Sampayo, Pedro Larrabide, Cleo Díaz, Agostina Aguilera",Horreur,"Argentine, États-Unis",Demián Rugna,tt16300962,75,30000,260,7.0,99, Cuando Acecha La Maldad,https://m.media-amazon.com/images/M/MV5BMzNkMTA5ZTYtOGEzOC00MmJiLTgxMWYtM2JlZjhlZDVkYWE0XkEyXkFqcGdeQXVyMTczMjkzNDY@._V1_.jpg,"Machaco Films, Aramos Cine, Shudder","Dans un village isolé, deux frères trouvent un homme infecté par un démon sur le point de ""donner naissance"" au mal lui-même. Ils décident de se débarrasser du corps, mais finissent par répandre involontairement le chaos.",When Evil Lurks,https://www.imdb.com/title/tt16300962/?ref_=rlm,546626,15-05-2024
,,"Madelaine Petsch, Ella Bruccoleri, Gabriel Basso, Rachel Shenton, Richard Brake, Ema Horvath, Froy Gutierrez, George Young, Rebecka Johnston, Janis Ahern, Florian Clare, Ben Cartwright, Ryan Bown, Rafaella Biscayn, Brian Law, Milo Callaghan, Miles Yekinni, Brooke Lena Johnson",Horreur,États-Unis,Renny Harlin,tt22050754,,,955,,91, The Strangers: Chapter 1,https://m.media-amazon.com/images/M/MV5BNDVkZTM0NDAtNTQxMS00NWIyLTgyM2ItNjAxOTllYTAzNTVjXkEyXkFqcGdeQXVyMjM4NTM5NDY@._V1_.jpg,"Fifth Element Productions, Frame Film","Un jeune couple traverse le pays en voiture en quête d'un nouveau départ. Mais ils n'ont d'autre choix que de s'arrêter dans un Airbnb reclus dans l'Oregon, où ils devront endurer une nuit de terreur face à trois inconnus masqués.",The Strangers 3,https://www.imdb.com/title/tt22050754/?ref_=rlm,,15-05-2024
875300,22890000,"Oliver Masucci, Fanny Ardant, John Cleese, Bronwyn James, Joaquim de Almeida, Luca Barbareschi, Milan Peschel, Fortunato Cerlino, Mickey Rourke, Luisiana Kornuta Steffen, Danny Exnar, Irina Kastrinidis, Alexander Petrov, Danylo Kotov, Anton Pampushnyy, Ilia Volok, Marina Strakhova, Ema Mur","Comédie, Drame","Italie, Suisse, Pologne, France",Roman Polanski,tt14549270,,2000,2977,5.4,100,,https://m.media-amazon.com/images/M/MV5BYmJkYmEzZmItYjhhYS00NDJlLWEzNzUtMzRhNjA0NWViMWY4XkEyXkFqcGdeQXVyMjQ4NjA2MjU@._V1_.jpg,"Eliseo Entertainment, Rai Cinema, CAB Productions",Un drame qui se déroule la veille du Nouvel An 1999 dans un luxueux hôtel suisse où les vies des employés de l'hôtel et de divers clients s'entremêlent.,The Palace,https://www.imdb.com/title/tt14549270/?ref_=rlm,,15-05-2024
,,"Léa Seydoux, Louis Garrel, Vincent Lindon, Raphaël Quenard, Manuel Guillot, Françoise Gazio",Comédie,France,Quentin Dupieux,tt30784256,,,,,76,,,Chi-Fou-Mi Productions,Une farce mettant en scène des acteurs dans une terrible production. Les acteurs jouent le double rôle de personnage et d'acteur. Comédie absurde.,Le Deuxième Acte,https://www.imdb.com/title/tt30784256/?ref_=rlm,,14-05-2024
,,"Marie Toscan du Plantier, Iris Bry, Thomas Scimeca, Yannick Renier, Isild Le Besco, André Marcon, Sarah Le Picard, François Berléand, Scali Delpeyrat, Thibault de Montalembert, Karol Beffa, Stéphane Bernard, Édouard Buhr, Victor Chambon, Balthazar Corvez-Jubin, Guillemette Crémèse, Xavier de Guillebon, Clément Ducros",Drame,France,Jean-Claude Monod,tt30184788,,,,,97,,https://m.media-amazon.com/images/M/MV5BMjBjZDA3OWItZjFlZi00NzQ3LWE2ZDctMDY2ZDEzYjA0YzA1XkEyXkFqcGdeQXVyMTYyMDQ1OTAz._V1_.jpg,"Dacor Productions, ""Les Films dIci""",,Un Jour Fille,https://www.imdb.com/title/tt30184788/?ref_=rlm,,08-05-2024
,,"Léa Drucker, Eric Godon, Wim Willaert, Bastien Bouillon, Pierre Lottin, Marion Barbeau, Thor Schenker, Christophe Reymond, Karim Seghair, Silvia Massegur",,France,,tt28374926,,,,,91,,https://m.media-amazon.com/images/M/MV5BNzgwNTllNWYtZWY1Yy00Mzg4LWFiZDUtZjcxOWE5NzQ4ZmExXkEyXkFqcGdeQXVyMDA5MDg4Nw@@._V1_.jpg,,,Un Homme En Fuite,https://www.imdb.com/title/tt28374926/?ref_=rlm,,08-05-2024
,,"Mélanie Bernier, Claudia Tagbo, Max Boublil, Franck Amiack",Comédie,France,,tt31014730,,,,,97,,,Latika,,Neuilly-Poissy,https://www.imdb.com/title/tt31014730/?ref_=rlm,,08-05-2024
,,"Benjamin Voisin, Emmanuelle Bercot, Rivaldo Pawawi, Lottie Andersen, Aure Atika, Suzy Bemba, Laura Felpin, Chloé Lecerf, Grégoire Ludig, Mila Michael",Comédie,France,Jérémie Sein,tt27751906,,,,,78,,https://m.media-amazon.com/images/M/MV5BZTRmYmE0OTctZWU2NS00YjBhLWExM2QtYTVhZmRhY2E3Y2VhXkEyXkFqcGdeQXVyNDgzNjg5Nw@@._V1_.jpg,Avenue B Productions,,L'Esprit Coubertin,https://www.imdb.com/title/tt27751906/?ref_=rlm,,08-05-2024
,,"Tope Tedela, Riyo David, Martha Ehinome, Uche Elumelu, Floyd Anekwe","Drame, Romantique",Nigeria,Babatunde Apalowo,tt25161220,,144,,6.4,93, All The Colours Of The World Are Between Black And White,https://m.media-amazon.com/images/M/MV5BMjkwZjY0NzUtNTYxZi00MjNkLWFkYmMtNzIxYjI2YmI4YzU5XkEyXkFqcGdeQXVyMTA3MTQyODMx._V1_.jpg,Polymath Pictures,"Bambino and Bawa meet in Lagos and hit it off immediately. During their long trips around the city, they develop a deep affection for each other. But in a society which considers homosexuality taboo, they feel the pressure of social norms.",Toutes Les Couleurs Du Monde,https://www.imdb.com/title/tt25161220/?ref_=rlm,,08-05-2024
,,"Ryô Ikeda, Wan Marui, Yûgo Mikawa, Koki Osamura, Momoi Shimada, Harumi Shuhama, Makita Sports, Haruki Takano, Kotaro Yagi",Comédie,Japon,Ryo Takebayashi,tt27510455,,426,,6.6,82, Mondays: See You 'This' Week!,https://m.media-amazon.com/images/M/MV5BYTNlMjFkNGMtMGQwYi00YTU4LThiODAtYTY5MzU2MTVmNTk1XkEyXkFqcGdeQXVyMzA4MDA0Mjc@._V1_.jpg,,Un groupe de collègues d'une agence de publicité découvre peu à peu qu'ils sont tous piégés dans une boucle temporelle d'une semaine.,Comme Un Lundi,https://www.imdb.com/title/tt27510455/?ref_=rlm,,08-05-2024
3200868,3815000,"Hennika Huuse, Todd Bishop Monrad Vistven, Johannes Kjærnes, Tobias Santelmann, Kari Simonsen, Henriette Marø, Line Verndal, Atle Antonsen, Desta Marie Beeder, Charlotte Frogner","Animation, Famille",Norvège,"Rasmus A. Sivertsen, Jean-Luc Julien",tt21212718,,257,,5.4,76, Helt Super,https://m.media-amazon.com/images/M/MV5BM2JhOTc3MzAtODVlMC00NmQxLTljMzQtZjNmODkwNzhjYjk5XkEyXkFqcGdeQXVyNDM1ODc2NzE@._V1_.jpg,Qvisten Animation,"Hedvig a rétréci le costume de super-héros de papa et ne peut donc plus être le super-Lion. Le joueur Hedvig est maladroit, mais lorsque papa choisit le cousin Adrian pour être le prochain héros, Hedvig doit réagir.",Super Lion,https://www.imdb.com/title/tt21212718/?ref_=rlm,,08-05-2024
118613,,"Augusto Góngora, Paulina Urrutia, Gustavo Cerati, Pedro Lemebel, Javier Bardem, Raúl Ruiz",Documentaire,"Chili, États-Unis",Maite Alberdi,tt24082488,85,31000,,7.4,85, La Memoria Infinita,https://m.media-amazon.com/images/M/MV5BOTFiMjFlZjEtMDM5Zi00MmIzLTliM2EtZTc3NjUzNzA3ZWI1XkEyXkFqcGdeQXVyMTYzMDUzNjEw._V1_.jpg,"Fabula, Micromundo Producciones, Chicken And Egg Pictures","Augusto et Paulina sont ensemble depuis 25 ans. Il y a huit ans, on lui a diagnostiqué la maladie d'Alzheimer. Tous deux redoutent le jour où il ne la reconnaîtra plus.",La Mémoire Éternelle,https://www.imdb.com/title/tt24082488/?ref_=rlm,67594,08-05-2024
,,"Lilith Grasmug, Mermoz Melchior, Benjamin Python, Noah Watzlawick, Lea Gigon, Diana Gervalla, Lou Iff, Sabine Timoteo, François Revaclier, Marco Calamandrei, Barbara Tobola, Etienne Tripoz, Lisa Kirby",Drame,Suisse,Carmen Jaquier,tt12390508,,318,,6.2,92,,https://m.media-amazon.com/images/M/MV5BMjk1YTI4M2ItMzMyYi00MDE5LWFkZWItZWJmODFmYWIzODI0XkEyXkFqcGdeQXVyMTU1MTA4ODU2._V1_.jpg,"Close Up Films, Radio Télévision Suisse (RTS)","In a Swiss village, Elisabeth, 17, returns home from the convent after learning of her sister's mysterious death. Reunited with her three childhood friends, she discovers that faith and desire can sometimes be intertwined.",Foudre,https://www.imdb.com/title/tt12390508/?ref_=rlm,,08-05-2024
,,"Turlough Convery, Benny O. Arthur, Jacqueline Moré, Tom Gould, Alessia Yoko Fontana, Kyle Scudder, Charlotte Stoiber, ""Aidan OHare"", Daniel Lundh, Gary Anthony Stennette","Action, Horreur",Canada,"François Simard, Anouk Whissell, Yoann-Karl Whissell",tt28662887,,92,,6.3,83,,,"Borsalino Productions, StudioCanal",Des activistes de la génération Z sont violemment arrêtés par un gardien de nuit dérangé après s'être faufilés dans un magasin de meubles à grande surface destructeur de l'environnement.,Wake Up,https://www.imdb.com/title/tt28662887/?ref_=rlm,,08-05-2024
,,"Freya Allan, Kevin Durand, William H. Macy, Dichen Lachman, Owen Teague, Peter Macon, Sara Wiseman, Neil Sandilands, Lydia Peckham, Eka Darville, Travis Jeffery, Ras-Samuel, Nina Gallas","Action, Science-fiction",États-Unis,Wes Ball,tt11389872,,,103,,145, Kingdom Of The Planet Of The Apes,https://m.media-amazon.com/images/M/MV5BYTUzYTIwNWMtZWRjZC00MTMyLTlkMzYtNGZkNDcwZTYxYzU2XkEyXkFqcGdeQXVyNjMxMTE2Mjg@._V1_.jpg,"Disney Studios Australia, Twentieth Century Fox",Un jeune singe entreprend un voyage qui l'amène à remettre en question tout ce qu'on lui a appris sur le passé et à prendre des décisions qui détermineront son avenir.,La Planète Des Singes: Nouveau Royaume,https://www.imdb.com/title/tt11389872/?ref_=rlm,,08-05-2024
,12500000,"Avantika, Olwen Fouéré, Jacob Batalon, Harriet Slater, Humberly González, Larsen Thompson, Wolfgang Novogratz, Stasa Nikolic, James Swanton, Adain Bradley, Alan Wells, Joss Carter, Suncica Milanovic",Horreur,États-Unis,"Spenser Cohen, Anna Halberg",tt14088510,,,1130,,92, Tarot,https://m.media-amazon.com/images/M/MV5BZDA5NDZmNjctNGZjNS00OTU1LWIzYTgtMTc3ZjI1ZDdmOGU3XkEyXkFqcGdeQXVyMTY3ODkyNDkz._V1_.jpg,"Screen Gems, Alloy Entertainment, Capstone Pictures","Lorsqu'un groupe d'amis viole inconsidérément la règle sacrée de la lecture du Tarot, ils libèrent sans le savoir un mal indicible emprisonné dans les cartes maudites.",Les Cartes Du Mal,https://www.imdb.com/title/tt14088510/?ref_=rlm,,08-05-2024
,,"Fatima Adoum, Mariama Gueye, Corinne Masiero, Salimata Kamate, Kool Shen, Marie-Sohna Condé, Maïmouna Gueye, Lucie Charles-Alfred, Abdallah Charki",,France,,tt27722491,,,,,87,,https://m.media-amazon.com/images/M/MV5BOGRiNjdlMjYtZTUzYS00MzhkLTkxYTctNjg4MGIzN2RkMDYyXkEyXkFqcGdeQXVyMTE5NTM5NTU5._V1_.jpg,"Albertine Productions, Prima Vista","Nothing had prepared Eva for the demands of a large hotel. When she joined the team of chambermaids, she met colleagues with strong personalities: Safietou, Aissata, Violette and Simone.Between laughter and hard knocks, the young woman discovers a close-knit team united in the fa...",Petites Mains,https://www.imdb.com/title/tt27722491/?ref_=rlm,,01-05-2024
,,,Documentaire,France,Nicolas Peduzzi,tt27009824,,59,,7.8,102,,https://m.media-amazon.com/images/M/MV5BMzNjMTBkNDktMjYyYy00MGY0LWJjOGMtYTcyZjAxZWFjYWE0XkEyXkFqcGdeQXVyODgxMDAxMjY@._V1_.jpg,"ARTE, Gogogo Films","Comment bien soigner dans une institution malade ? Dans un hôpital de la région parisienne, un psychiatre se consacre à sa mission au risque de perdre du terrain.",État Limite,https://www.imdb.com/title/tt27009824/?ref_=rlm,,01-05-2024
,,"Diego Murgia, Benjamin Tellier, Jean Devie, Emmanuelle Bercot, Raphaël Quenard",,France,,tt28100718,,12,,7.3,95, Les Trois Fantastiques,,"Rectangle Productions, Les Films Norfolk","East of France, today. Max, a witty and brave 12-year-old, feels like he has two families instead of one. In and after school, he spends all his time with his two best friends Tom and Vivian, who are always there to make life easier for each other. Together, they are The Fantasti...",Les Trois Fantastiques,https://www.imdb.com/title/tt28100718/?ref_=rlm,,01-05-2024
,,"Artus, Clovis Cornillac, Alice Belaïdi, Marc Riso, Céline Groussard, Gad Abecassis, Ludovic Boul, Stanislas Carmont, Marie Colin, Thibaut Conan, Mayane Sarah El Baze, Théophile Leroy, Boris Pitoëff, Sofian Ribes, Arnaud Toupense, Benjamin Vandewalle",Comédie,France,Artus,tt30795948,,,,,99,,https://m.media-amazon.com/images/M/MV5BMGRhNTQ3MjYtYWIzMi00YmJiLTkzZmYtYzMwZGI3NDFmNWU3XkEyXkFqcGdeQXVyMjAxNjM0OA@@._V1_.jpg,Cine Nomine,"Pour échapper à la police, un fils et son père trouvent refuge dans une colonie de vacances pour jeunes adultes handicapés, en se faisant passer pour un pensionnaire et son éducateur.",Un P'Tit Truc En Plus,https://www.imdb.com/title/tt30795948/?ref_=rlm,,01-05-2024
,109000,"Alex Lutz, Léa Drucker, Nora Hamzawi, Louise Chevillotte, Arcadi Radeff, Laurence Côte, Jonny Carlo, Alain Chamfort, Céline Karter, Matthieu Lucci, Eric Marcel, Vincent Nemeth, Christophe Paou, Olivier Rabourdin, Alexandre Steiger, Jesse Guttridge",Drame,France,Pascal Bonitzer,tt29147289,,,,,91,,https://m.media-amazon.com/images/M/MV5BYTZmMjVkNzAtZDBiNS00ZmFhLWIzZWMtMWRjYTFjMTRkMzg5XkEyXkFqcGdeQXVyOTMyMjYwNTA@._V1_.jpg,SBS Productions,"André Masson, specialist in modern art, receives a letter according to which a painting by Egon Schiele had been discovered in Mulhouse. He finds that the work has been missing since 1939. This discovery puts his career in danger.",Le Tableau Volé,https://www.imdb.com/title/tt29147289/?ref_=rlm,,01-05-2024
20738,,"Francisco Hyjno Kraho, Ilda Patpro Kraho, Luzia Cruwakwyj Kraho, Solane Tehtikwyj Kraho, Raene Kôtô Krahô, Debora Sodre",Drame,"Portugal, Brésil","Renée Nader Messora, João Salaviza",tt27502245,,191,,6.4,123, Crowrã,,"Entrefilmes, Karõ Filmes","Patpro, recounting the history, struggle for land took place in 1940. Krahô never stop inventing new forms of resistance, guided by their ancestral rites, and their fight to preserve their freedom.",La Fleur De Buriti,https://www.imdb.com/title/tt27502245/?ref_=rlm,,01-05-2024
,,"Aaron Taylor-Johnson, Ryan Gosling, Emily Blunt, Hannah Waddingham, Teresa Palmer, Stephanie Hsu, Winston Duke, Madeleine Jones, Zara Michales, David Collins, Charlotte Wood, Ben Knight, Daniel Nelson, Matuse, Nova Onas, Adam Dunn, Tim Franklin, Magdalena Alexandra","Action, Comédie, Drame",États-Unis,David Leitch,tt1684562,77,391,58,7.5,126,,https://m.media-amazon.com/images/M/MV5BMzkwOGUxYzctZDRlZS00YmZkLTk2YjktMGNlYmI1NjQ5NzljXkEyXkFqcGdeQXVyMTAxNzQ1NzI@._V1_.jpg,"87North, Entertainment 360, Universal Pictures",Un cascadeur hollywoodien travaille au clair de lune en tant que chasseur de primes pour joindre les deux bouts.,The Fall Guy,https://www.imdb.com/title/tt1684562/?ref_=rlm,,01-05-2024
,,"Sidse Babett Knudsen, Sebastian Bull, Dar Salim, Marina Bouras, Olaf Johannessen, Bashar Al-Saoudi, Frantz Dupuis, Jacob Lohmann, Siir Tilif, Liv Tolsager, Thomas Voss, Rami Zayat","Drame, Thriller","Danemark, Suède, France",Gustav Möller,tt27496775,,150,,7.2,100,,https://m.media-amazon.com/images/M/MV5BODQ1YTA4MjgtNTNkNS00N2JmLTljMzktNmFiZmZhZDc1Zjc3XkEyXkFqcGdeQXVyMTc5OTQwMzk@._V1_.jpg,"Nordisk Film, Nordisk Film Production Sverige AB, Danmarks Radio (DR)",The idealistic prison officer Eva is faced with the dilemma of her life when a young man from her past gets transferred to the prison where she works.,Vogter,https://www.imdb.com/title/tt27496775/?ref_=rlm,,01-05-2024
,,"Marilú Marini, Alfredo Arias, Arthur Aumard, Valentin Clerc, Copi, Alicia Devidal, Luca Fiorello, Yolène Guais, Lawrence Leherissey, Pierre Maillet, David Marain, Bruno Marsol, Arthur Nauzyciel, Thomas Nicolle, Judith Scotto, Simon Terrenoire, Marc Toupence, Elsa Verdon",Documentaire,"France, Argentine",Sandrine Dumas,tt31597051,,,,,86,,https://m.media-amazon.com/images/M/MV5BOWUwNTc5ZDYtZWI4Zi00NjYwLTg4ZDgtZmU5MzE0MjRlYTg5XkEyXkFqcGdeQXVyMDA5MDg4Nw@@._V1_.jpg,"Pio & Co, Rei Cine","Moving between biopic and documentary, the film attempts to shed light on the life and personality of the great theater actor Marilú Marini, following her for six years in rehearsals between Paris and Buenos Aires. Hard work, keeping on the move, creativity, and an insatiable des...",Marilú,https://www.imdb.com/title/tt31597051/?ref_=rlm,,24-04-2024
,,"Mathieu Kassovitz, Yvan Attal, Anaïs Parello, Cécile Morel",Drame,France,,tt28100729,,,,,,,,"Quad, Traveling Angel Films","Juste après la guerre, Michel et son frère Patrice, s'enfuient dans la forêt à l'âge de 5 et 7 ans. Ils y resteront cachés pendant 7 ans.",Frères,https://www.imdb.com/title/tt28100729/?ref_=rlm,,27-04-2024
,,,Documentaire,France,Claus Drexel,tt31567428,,,,,96,,https://m.media-amazon.com/images/M/MV5BYWM3NzI0ZDUtMWQwYi00MWM4LTk5NTAtMzkyNDA1YjUyMDY5XkEyXkFqcGdeQXVyMDA5MDg4Nw@@._V1_.jpg,"Gloria Films, Polyson, ""Centre national du cinéma et de limage animée (CNC)""",,Les Vieux,https://www.imdb.com/title/tt31567428/?ref_=rlm,,24-04-2024
,,"Ifham Mathet, Bahia Boutia El Oumani, Mustafa Shimdat, Jaafar Brigui",Drame,"France, Maroc",Leila Kilani,tt26345453,,22,,5.0,127,,https://m.media-amazon.com/images/M/MV5BNDExMzhmNmUtYTkzMC00ZmUxLTk4MDAtZDQyZWNmMjkwZjNmXkEyXkFqcGdeQXVyMTQ5Mzc5MDU@._V1_.jpg,"DKB Productions, Socco Chico Films","While the matriarch of the Bechtani clan wants to clear out the family land and sell it, her son and granddaughter live within nature in a fully mystical way, paying heed to coincidences and signs that announce a coming social revolution.",Indivision,https://www.imdb.com/title/tt26345453/?ref_=rlm,,24-04-2024
,,"Hafsia Herzi, Moussa Mansaly, Louis Memmi, Michel Fau, Pablo Pauly, Florence Loiret Caille, Cédric Appietto, Henri-Noël Tabary, Anthony Morganti, Thomas Muziotti, Jean-Etienne Frisoni, Luigi Fazio, Maé Touhami, Lyam Touhami, Alexandre de Sèze, Samuel Torres Bianconi, Pierre Andrau, Patrick Battistelli","Policier, Drame",France,Stéphane Demoustier,tt19121072,,17,,7.5,118,,https://m.media-amazon.com/images/M/MV5BYTk2YzE3MDgtYjYyZS00ZmZhLThlZDktNzMyZDg5N2YzMmNhXkEyXkFqcGdeQXVyMDA5MDg4Nw@@._V1_.jpg,"Petit Film, France 3 Cinéma, Canal+",,Borgo,https://www.imdb.com/title/tt19121072/?ref_=rlm,,17-04-2024
,,"Thierry Lhermitte, André Dussollier, Sabine Azéma, Sébastien Chassagne, Joséphine de Meaux, Michel Boujenah, Gaël Giraudeau, Céline Esperin",,France,,tt30442596,,,,,,,,,,N'Avoue Jamais,https://www.imdb.com/title/tt30442596/?ref_=rlm,,24-04-2024
,,"Lubna Azabal, Fabrizio Rongione, Catherine Salée, Johan Heldenbergh, Babetida Sadjo, Malek Akhmisse, Kenza Benbouchta, Ethelle Gonzalez Lardued, Mehdy Khachachi, Evelyn Ariza, Olivier Bisback, Martine Lemal, Elodie Barthels",Drame,Belgique,Jawad Rhalib,tt21916652,,88,,8.1,107,,https://m.media-amazon.com/images/M/MV5BYTMwNWYyNjMtOTBhMy00MWI5LWE5YmEtYWJkMDdmNGQ4M2RkXkEyXkFqcGdeQXVyMTYyMDQ1OTAz._V1_.jpg,"Scope Pictures, Serendipity films","Amal, a teacher in a Brussels school, encourages her pupils to cultivate a love of reading and freedom of expression, even if it means putting herself in danger. Her daring teaching practices will change her pupils' and family circle lives.",Amal,https://www.imdb.com/title/tt21916652/?ref_=rlm,,17-04-2024
245319,,"María Vázquez, Santi Prego, Tatán, Susana Sampedro, Soraya Luaces, Silvia Romaus, Xosé Manuel Esperante, Josito Porto, Lidia Veiga, Isabel Naveira, Ángel Abal, Sergio Baleirón, Ana Domínguez, Pablo Aguilar, Quinita Domínguez, Antonio Rey, Carmen Barroso, Manola Iglesias",Drame,Espagne,Álvaro Gago,tt13866630,,545,,6.6,99,,https://m.media-amazon.com/images/M/MV5BNzg5NTI2NGMtNzBlMC00YjhlLTlmMDAtNGMxOGY3MGM2YTE2XkEyXkFqcGdeQXVyMTA0MjU0Ng@@._V1_.jpg,"Avalon, Axencia Galega das Industrias Culturais (AGADIC), Corporación Radio e Televisión de Galicia (CRTVG)","A woman in a Galician fishing village is struggling to get by with hard work and rough charm. With her 18-year-old daughter now ready to stand on her own two feet, Ramona begins to question her life up to this point.",Matria,https://www.imdb.com/title/tt13866630/?ref_=rlm,,17-04-2024
1941012,,"BIBI, Park Bo-kyung, Xa-Bin Hong, Jeong Jae-kwang, Kim Jong-soo, Song Joong-ki","Policier, Drame",Corée du Sud,Kim Chang-hoon,tt27502351,,401,,6.0,133, Hwaran,https://m.media-amazon.com/images/M/MV5BZTY3MGFhNWEtYTY1Zi00Zjc1LWJiYjctYTM5ZmU2MGQxYTQzXkEyXkFqcGdeQXVyNjI4NDY5ODM@._V1_.jpg,"Megabox Plus M, Sanai Pictures",Dangerous people who make risky choices to escape from their hellish realities.,Hopeless,https://www.imdb.com/title/tt27502351/?ref_=rlm,,17-04-2024
,2180000,"Steve Zahn, John Magaro, Dylan Baker, Galadriel Stineman, Matthew Del Negro, Bob Clendenin, Brad Leland, Megan Stevenson, Emily Pendergast, Alex Knight, Rio Alexander, Darcy Shean, Brannon Cross, Alaina Warren Zachary, Vic Browder, Brooks Hall, Mimi Fletcher, Ian A. Hudson","Comédie, Policier, Thriller","États-Unis, France",Shane Atkinson,tt20102596,,138,,7.0,112,,https://m.media-amazon.com/images/M/MV5BMmE4MWE4ZTgtYzEzNi00OTQ4LThjZGQtZDgyMDA0MDAwNjhiXkEyXkFqcGdeQXVyMTM1NjM2ODg1._V1_.jpg,"Adastra Films, FLOTE Entertainment, Adastra Films","When Ray discovers that his wife is cheating on him, he decides he's going to kill himself. His plans suddenly change when a stranger mistakes him for a low-rent hitman.","Laroy, Texas",https://www.imdb.com/title/tt20102596/?ref_=rlm,,17-04-2024
46353,,"Lio Tipton, Weston Razooli, Charles Halford, Phoebe Ferro, Lorelei Olivia Mote, Austin Archer, Danielle Hoetmer, Charlie Stover, Skyler Peters, Abigail Sakari, Sohrab Mirmont, Rachel Browne, Andrea Browne, Chuck Marra, Colleen Baum, Kent Richards, Lonzo Liggins","Action, Aventure, Comédie",États-Unis,Weston Razooli,tt7575046,58,325,2416,7.1,113,,https://m.media-amazon.com/images/M/MV5BODM4YjlmOGYtZDBmZS00ODdkLWJkNGUtZmQyZGI4MWUzYjQzXkEyXkFqcGdeQXVyMzk3NzU1Mzg@._V1_.jpg,"ANAXIA, FullDawa Films",Trois enfants espiègles se lancent dans une odyssée forestière lorsque leur mère les envoie faire une course.,Riddle Of Fire,https://www.imdb.com/title/tt7575046/?ref_=rlm,46353,17-04-2024
45678969,,"Takuya Eguchi, Atsumi Tanezaki, Saori Hayami, ""Kenichirô Matsuda"", Hiroyuki Yoshino, Yûko Kaida, Kazuhiro Yamaji, Kenshô Ono, Natsumi Fujiwara, Emiri Kato, Ayane Sakura, Noucky Andriansyah, Anthony Bowling, Dani Chambers, Banjô Ginga, Caitlin Glass, Kento Kaku, Tomoya Nakamura","Animation, Action, Comédie",Japon,Kazuhiro Furuhashi,tt26684398,,722,3398,7.5,110, Gekijô-Ban Supai Famirî Kôdo: Howaito,https://m.media-amazon.com/images/M/MV5BMmY0NzhkODctMTc3Yy00NWNlLTliMWUtZjI2NGVkMGE5MzU3XkEyXkFqcGdeQXVyNTI4NzA1OTk@._V1_.jpg,"Wit Studio, CloverWorks, TOHO animation","After receiving an order to be replaced in Operation Strix, Loid decides to help Anya win a cooking competition at Eden Academy, by making the director's favorite meal in order to prevent his replacement.",Spy X Family Code: White,https://www.imdb.com/title/tt26684398/?ref_=rlm,,17-04-2024
,50000000,"Nick Offerman, Kirsten Dunst, Wagner Moura, Jefferson White, Nelson Lee, Evan Lai, Cailee Spaeny, Stephen McKinley Henderson, Vince Pisani, Justin James Boykin, Jess Matney, Greg Hill, Edmund Donovan, Tim James, Simeon Freeman, James Yaegashi, Dean Grimes, Alexa Mansour",Action,"États-Unis, Royaume-Uni",Alex Garland,tt17279496,79,716,29,7.1,109,,https://m.media-amazon.com/images/M/MV5BOTBlMzNlYTgtYTgxYi00YzkwLThhZDQtY2YwMmJkYTBmZjI3XkEyXkFqcGdeQXVyMTY3ODkyNDkz._V1_.jpg,"A24, DNA Films, IPR.VC","Dans un futur proche, une équipe de journalistes parcourt les États-Unis au cours d'une guerre civile qui s'intensifie rapidement et qui a englouti le pays tout entier.",Civil War,https://www.imdb.com/title/tt17279496/?ref_=rlm,,17-04-2024
,,"Dev Patel, Sharlto Copley, Pitobash, Vipin Sharma, Sikandar Kher, Adithi Kalkunte, Sobhita Dhulipala, Ashwini Kalsekar, Makrand Deshpande, Jatin Malik, Zakir Hussain","Action, Thriller","États-Unis, Canada, Singapour, Inde",Dev Patel,tt9214772,71,39000,28,7.4,121,,https://m.media-amazon.com/images/M/MV5BNzZlODVjMzgtZGM1Yi00MWMwLTkyYTQtMzJlZjQ4MDgwYzg4XkEyXkFqcGdeQXVyMTUzMTg2ODkz._V1_.jpg,"Universal Pictures, BRON Studios, Creative Wealth Media Finance",Un jeune homme anonyme lance une campagne de vengeance contre les dirigeants corrompus qui ont assassiné sa mère et qui continuent à victimiser systématiquement les pauvres et les impuissants.,Monkey Man,https://www.imdb.com/title/tt9214772/?ref_=rlm,,17-04-2024
,,"Xavier-Adrien Laurent, Xavier Mussel, Philippe Saïd, Marc Dujarric, Michèle Brousse, Jean-Claude Bohbote, Jean-Yves Duparc, Yves Capus, Antonin Dobrowolska, Rémi Guelfi, Lucas Villepelet, Anne-Capucine Blot, Léo Aguiton, Damien Le Moing, Jean-Marie Bourcier, Laurent Levy, Belen Lorenzo, Raul Fokoua",Comédie,Suisse,Xavier Mussel,tt26605836,,,,,72,,https://m.media-amazon.com/images/M/MV5BYzljNDhhNDctNGUwNS00NTZjLTg5ZjItNjBlZmJlZTFiNjViXkEyXkFqcGdeQXVyMzQ4Mzg1NjQ@._V1_.jpg,Parallaxe films,"Le tournage rocambolesque d'une équipe de cinéma, embarquée dans une maison de campagne par un cinéaste idéaliste, qui projette de faire un film sans scénario, au gré du hasard.",Le Naméssime,https://www.imdb.com/title/tt26605836/?ref_=rlm,,10-04-2024
,1417000,"Majd Mastoura, Walid Bouchhioua, Samer Bisharat, Selma Zghidi, Helmi Dridi, Wissem Belgharak, Ayoub Hedhili, Mondher Chouchen, Amel Karray, Ammar Chikha, Rania Agrebi, Mahmoud Said, Walid Bel Haj Ammar, Jasser Oueslati, Yosra Rebai, Mouna Bel Haj Zekri, Ala Hamed, Bilel Ben Ghorbel",Drame,"Tunisie, Belgique, France, Italie, Arabie saoudite, Qatar",Mohamed Ben Attia,tt26771225,,79,,6.4,98, Oura El Jbel,https://m.media-amazon.com/images/M/MV5BMDVmOGNjNjQtNDNiYS00ZTUwLWExN2QtMDk2Mjk4MmFiMzA1XkEyXkFqcGdeQXVyODY0MDQ3NTI@._V1_.jpg,"Nomadis Images, Les Films du Fleuve, Tanit","A man who violently breaks free from his banal environment, evading society with its principles, codes and institutions.",Par-Delà Les Montagnes,https://www.imdb.com/title/tt26771225/?ref_=rlm,,10-04-2024
,,"Simon Astier, Lily Aubry, Sébastien Chassagne, Charlotte Gainsbourg, José Garcia, Hadrien Heaulme, Jiselle Henderkott, Kevin Ke, Baptiste Lecaplain, Adrien Ménielle, Jérôme Niel, Luis Rego, Lyès Salem",Comédie,France,Florent Bernard,tt28480619,,32,,7.8,102,,https://m.media-amazon.com/images/M/MV5BNGI3ZGExYWUtMjQzNC00YTQxLWE5NDgtMzE1MzIzNjUwZGI1XkEyXkFqcGdeQXVyODM4MzE2MzE@._V1_.jpg,"Apollo Films, Nolita Cinema, TF1 Films Production",Un homme emmène sa femme et leurs enfants adolescents dans un voyage de souvenirs alors qu'il est sur le point de divorcer.,"Nous, Les Leroy",https://www.imdb.com/title/tt28480619/?ref_=rlm,,10-04-2024
,,"Doru Bem, Ciprian Chiriches, Ana Ciontea, Ioan Coman, George Dinu, Gábor Erdei, Bogdan Farcas, Cristina Flutur, Simona Ghita, Nicoleta Lefter, Iulian Postelnicu, Mihaela Sirbu, Palfi Tibor",Drame,"Roumanie, France, Suisse, Turquie",Andrei Cohn,tt21050630,,27,,6.6,133, Gefilte Fish,,"Bord Cadre Films, Mandragora, Shellac Films","Leiba runs the village inn in the 1900s, acting as a meeting point for Christians and Jews alike, however the conviviality masks racism and anti-Semitism.",Semaine Sainte,https://www.imdb.com/title/tt21050630/?ref_=rlm,,10-04-2024
,,"Ian Boechat, Kaique Brito, Erom Cordeiro, Lucas da Silva, Maya de Vicq, Alaylson Emanuel, Ivana Iza, Maeve Jinkings, Eduarda Samara, Elany Santos",Drame,"Brésil, France, Italie","Nara Normande, Tião",tt26245778,,105,,6.7,91, Sem Coração,https://m.media-amazon.com/images/M/MV5BNDM3YzJmNWItZGZhYi00MzQxLWIxMmEtNmJhNzJkNjM0ZGE5XkEyXkFqcGdeQXVyMTkzODUwNzk@._V1_.jpg,"Les Valseurs, Nefertiti Film, CinemaScópio","Summer 1996, Brazil. Tamara is enjoying her last weeks at the village she lives in before departing to Brasilia. One day, she hears about a teenager nicknamed Heartless. During the summer, Tamara feels a growing attraction for this girl.",Sans Coeur,https://www.imdb.com/title/tt26245778/?ref_=rlm,,10-04-2024
,7194000,"Nadia Tereszkiewicz, Benoît Magimel, Benjamin Biolay, Guillaume Gouix, Gustave Kervern, Anna Biolay, Eugène Marcuse, Juliette Armanet, Serge Bozon, Peri Bourgogne, Lucas Englander, Aurélia Petit, Julien Drion, Laurent Dassault, Frédéric Sauzay, Jérémie Bergerac, Aminthe Audiard, Victoria Amador","Drame, Historique","France, Belgique",Stéphanie Di Giusto,tt26342863,,116,,6.9,115,,https://m.media-amazon.com/images/M/MV5BZTJiODRmMzMtNzEwZC00MDExLWJiMmYtNjcyNzBmOTI0ZDgxXkEyXkFqcGdeQXVyNjc2MjgxNzg@._V1_.jpg,"Trésor Films, Gaumont, Laurent Dassault Rond-Point",L'histoire de la première attraction pour femmes à barbe.,Rosalie,https://www.imdb.com/title/tt26342863/?ref_=rlm,,10-04-2024
158951,,"Hitoshi Omika, Ryô Nishikawa, Ryûji Kosaka, Ayaka Shibutani, Hazuki Kikuchi, Hiroyuki Miura, Yoshinori Miyata, Taijirô Tamura, Yûto Torii",Drame,Japon,Ryûsuke Hamaguchi,tt28490044,79,19000,687,7.2,106, Aku Wa Sonzai Shinai,https://m.media-amazon.com/images/M/MV5BN2MzY2M2MjAtYjA1ZS00ZTRlLThjYzAtMzU5Y2E0MWM4NjBhXkEyXkFqcGdeQXVyMTExNzU3NTU1._V1_.jpg,"Fictive, NEOPA","Takumi et sa fille Hana vivent dans le village de Mizubiki, près de Tokyo. Un jour, les habitants du village prennent connaissance d'un projet de construction d'un camping, offrant aux citadins une ""évasion"" confortable dans la nature.",Le Mal N'Existe Pas,https://www.imdb.com/title/tt28490044/?ref_=rlm,,10-04-2024
2111940,,"Rodrigo Santoro, Marcelo Adnet, Alice Braga, Keith Silverstein, Ian James Corlett, Luis Bermudez, Laila McCann, Debra Wilson, Christopher Corey Smith, Triya Leong, Rachel Butera, Misty Lee, Rick Zieff, David Lodge, Bill Rogers, Karen Strassman, Mark Lewis, Nisa Ward","Animation, Aventure, Comédie Musicale","Brésil, Inde","Alois Di Leo, Sergio Machado, René Veilleux",tt8637446,,70,,5.5,84, Noah'S Ark,https://m.media-amazon.com/images/M/MV5BYWEzY2I2NjUtMWFhZS00NTE1LTgxYjYtNTMzM2IyMjJkNmM1XkEyXkFqcGdeQXVyMzY3MzcyNTE@._V1_.jpg,"Globo Filmes, Gullane, NIP",A pair of mice attempt to board Noah's Ark.,Les Aventuriers De L'Arche De Noé,https://www.imdb.com/title/tt8637446/?ref_=rlm,,10-04-2024
64120,,"Karin Anglin, Clé Bennett, John Eric Bentley, Diontae Black, Róbert Bolla, Péter Bozsó, Lorne Cardinal, Csaba Debreczeny, Álmos Elõd, András Faragó, Bill Farmer, Áron Gauder, Armand Kautzky, Luca Kis-Kovács, R. Martin Klein, Danny Kramer, Priscilla Landham, David Mattle","Animation, Action, Aventure",Hongrie,Áron Gauder,tt11736638,,414,,7.3,103, Kojot Négy Lelke,https://m.media-amazon.com/images/M/MV5BOTYyNWYxMjktNjkwZi00ZjJhLWFlZjAtZjc3YTFhM2JmMmY3XkEyXkFqcGdeQXVyMTczNzE0MzU@._V1_.jpg,Cinemon Entertainment,"Native American protesters confront an oil pipeline project, down the hill from their ancestral land. The grandfather evokes the tale of Creation, reminding all of us that we need to find our place in the great circle of creatures.",Les 4 Âmes Du Coyote,https://www.imdb.com/title/tt11736638/?ref_=rlm,,10-04-2024
,,"Nell Tiger Free, Ralph Ineson, Sonia Braga, Tawfeek Barhom, Maria Caballero, Charles Dance, Bill Nighy, Nicole Sorace, Ishtar Currie-Wilson, Andrea Arcangeli, Guido Quaglione, Dora Romano, Michelangelo Dalisi, Anton Alexander, Mia McGovern Zaini, Eugenia Delbue, Charita Cecamore, Federica Santoro",Horreur,"États-Unis, Italie, Royaume-Uni, Canada, Serbie",Arkasha Stevenson,tt5672290,64,19000,65,7.0,120, The First Omen,https://m.media-amazon.com/images/M/MV5BNWZkMmE1ODItOTIyNy00ODQyLTkyZDQtNTE2Zjk1MzliNzc2XkEyXkFqcGdeQXVyMTY3ODkyNDkz._V1_.jpg,"20th Century Studios, Phantom Four Films, Abbey Road Studios","Une jeune Américaine est envoyée à Rome pour commencer une vie au service de l'Église, mais elle est confrontée à des ténèbres qui l'amènent à remettre sa foi en question et à découvrir une terrifiante conspiration.",La Malédiction: L'Origine,https://www.imdb.com/title/tt5672290/?ref_=rlm,,10-04-2024
,,,Documentaire,France,Nicolas Philibert,tt31831104,,,,,72,,https://m.media-amazon.com/images/M/MV5BOGE0ODZkOTAtNTAzZS00NTRjLWJjZTItMTJiMzczZGQ2MmRkXkEyXkFqcGdeQXVyMDA5MDg4Nw@@._V1_.jpg,TS Productions,,La Machine À Écrire Et Autres Sources De Tracas,https://www.imdb.com/title/tt31831104/?ref_=rlm,,17-04-2024
488140,100000,"Alan Nehama, Dutch Welch, Aliya Campbell, Donald McQueen, Vilma Ortiz Donovan, Sarah Elizabeth Grace, Eileen Weisinger, Catherine Taaffe, Josh Philip Weinstein, Brian Kelly, Tarina Webb, Jessica Chastain, Brooke Timber, Karen Roach, Anthony Aikens, Mario Moreno, Rick Firpi, Oriana Venchiarutti",Drame,"Mexique, États-Unis",Michel Franco,tt19864828,71,32000,936,6.6,103,,https://m.media-amazon.com/images/M/MV5BODY0OWE3NTAtZjJkMS00YjVlLWJiZDktMzViMDE3Y2Q2MWQ0XkEyXkFqcGdeQXVyMDA4NzMyOA@@._V1_.jpg,"High Frequency Entertainment, Teorema, Case Study Films",Sylvia est une assistante sociale qui mène une vie simple et structurée. Cette vie est bouleversée lorsque Saul la suit chez elle après leur réunion d'anciens élèves. Leur rencontre surprise aura un impact profond sur eux deux.,Memory,https://www.imdb.com/title/tt19864828/?ref_=rlm,381052,29-05-2024
1674900,,"Santiago Sandoval, Fernando Cuautle, Esteban Caicedo, Isabel Yudice, Mónica Del Carmen, Roberto Ramos, Alejandrina Osorio, Ivan Flores, German Carrizales, .Carlos Gerardo Garcia Silva, Salvador Rico, Ricardo Tadeo, Ari Axel Hernandez, David Deleo, Diego Resendiz, Iván González, Daniel Montano, Lourdes Millan","Drame, Mystère, Thriller","Mexique, Suède",David Zonana,tt24079846,,12000,,6.8,88,,https://m.media-amazon.com/images/M/MV5BYmQ4YTE2MWUtMmI4Yi00NTYxLThkNTctY2RkYjhmMTJmYTI1XkEyXkFqcGdeQXVyNjM0MTI4Mw@@._V1_.jpg,"Filmadora, Film i Väst","Luis, un jeune homme de 18 ans aux racines indigènes, entre à l'École militaire héroïque dans l'espoir de s'assurer un meilleur avenir.",Heroico,https://www.imdb.com/title/tt24079846/?ref_=rlm,,22-05-2024
